-- --------------------------------------------------------
-- 主机:                           10.33.145.13
-- 服务器版本:                        5.7.15 - MySQL Community Server (GPL)
-- 服务器操作系统:                      Linux
-- HeidiSQL 版本:                  9.4.0.5125
-- --------------------------------------------------------

/*!40101 SET @OLD_CHARACTER_SET_CLIENT=@@CHARACTER_SET_CLIENT */;
/*!40101 SET NAMES utf8 */;
/*!50503 SET NAMES utf8mb4 */;
/*!40014 SET @OLD_FOREIGN_KEY_CHECKS=@@FOREIGN_KEY_CHECKS, FOREIGN_KEY_CHECKS=0 */;
/*!40101 SET @OLD_SQL_MODE=@@SQL_MODE, SQL_MODE='NO_AUTO_VALUE_ON_ZERO' */;


-- 导出 mm_managment_console 的数据库结构
CREATE DATABASE IF NOT EXISTS `mm_managment_console` /*!40100 DEFAULT CHARACTER SET utf8 */;
USE `mm_managment_console`;

-- 导出  表 mm_managment_console.menu 结构
CREATE TABLE IF NOT EXISTS `menu` (
  `id` varchar(50) NOT NULL,
  `label` varchar(20) NOT NULL,
  `path` varchar(200) DEFAULT '0',
  `order` smallint(6) DEFAULT '1',
  `level` smallint(6) DEFAULT '1' COMMENT '层级，方便根据层级查询',
  `url` varchar(200) DEFAULT NULL,
  `type` smallint(6) DEFAULT '1' COMMENT '扩展不同菜单时用',
  `style` varchar(50) DEFAULT NULL COMMENT 'ui 样式',
  `disabled` smallint(6) DEFAULT '0',
  PRIMARY KEY (`id`)
) ENGINE=InnoDB DEFAULT CHARSET=utf8;

-- 正在导出表  mm_managment_console.menu 的数据：~11 rows (大约)
/*!40000 ALTER TABLE `menu` DISABLE KEYS */;
INSERT INTO `menu` (`id`, `label`, `path`, `order`, `level`, `url`, `type`, `style`, `disabled`) VALUES
	('clothes', '衣服管理', '0,vendor', 10, 2, '/cloth', 0, NULL, 0),
	('menu', '菜单管理', '0,system', 2, 1, '/menu', 1, NULL, 0),
	('menu_tag', '衣服标签', '0,system', 10, 2, '/tag', 0, NULL, 0),
	('menu_type', '衣服类型', '0,system', 10, 2, '/type', 1, NULL, 0),
	('monitor', '系统监控', '0,system', 5, 2, '/admin', 2, NULL, 0),
	('resource', '资源管理', '0,system', 2, 4, '/resource', 1, NULL, 0),
	('role', '角色管理', '0,system', 2, 3, '/role', 1, NULL, 0),
	('syslog', '系统日志', '0,system', 6, 5, '/syslog', 1, NULL, 0),
	('system', '系统管理', '0', 1, 1, '', 1, NULL, 0),
	('user', '用户管理', '0,system', 2, 2, '/user', 1, NULL, 0),
	('vendor', '商家', '0', 10, 1, '/', 0, NULL, 0);
/*!40000 ALTER TABLE `menu` ENABLE KEYS */;

-- 导出  表 mm_managment_console.mm_cloth 结构
CREATE TABLE IF NOT EXISTS `mm_cloth` (
  `id` int(11) NOT NULL AUTO_INCREMENT,
  `name` varchar(50) NOT NULL COMMENT '名称',
  `model` varchar(50) NOT NULL COMMENT '型号',
  `type` int(11) NOT NULL,
  `user_id` varchar(200) NOT NULL DEFAULT '0' COMMENT '添加人id',
  `pic_url` varchar(200) NOT NULL COMMENT '图片保存位置',
  `description` varchar(200) NOT NULL COMMENT '衣服说明',
  `createAt` datetime NOT NULL DEFAULT CURRENT_TIMESTAMP,
  `updateAt` datetime NOT NULL DEFAULT CURRENT_TIMESTAMP ON UPDATE CURRENT_TIMESTAMP,
  PRIMARY KEY (`id`)
) ENGINE=InnoDB AUTO_INCREMENT=10151 DEFAULT CHARSET=utf8 COMMENT='衣服信息表';

-- 正在导出表  mm_managment_console.mm_cloth 的数据：~168 rows (大约)
/*!40000 ALTER TABLE `mm_cloth` DISABLE KEYS */;
INSERT INTO `mm_cloth` (`id`, `name`, `model`, `type`, `user_id`, `pic_url`, `description`, `createAt`, `updateAt`) VALUES
	(4, 'A1类型上装', 'A1_UP', 1, '1', 'http://211.159.176.204:8080/upload_img/A1_up.png', '身材娇小', '2017-12-05 16:59:25', '2017-12-06 11:49:14'),
	(5, 'A1类型下装', 'A1_DOWN', 2, '1', 'http://211.159.176.204:8080/upload_img/A1_up.png', '身材娇小裤子', '2017-12-05 17:05:11', '2017-12-06 11:49:58'),
	(6, 'B1类型上装', 'B1_UP', 1, '1', 'http://211.159.176.204:8080/upload_img/B1_up.png', '', '2017-12-05 17:06:02', '2017-12-06 16:50:54'),
	(7, 'B1类型下装', 'B1_DOWN', 2, '1', 'http://211.159.176.204:8080/upload_img/A1_up.png', '', '2017-12-05 17:07:20', '2017-12-05 22:00:27'),
	(8, 'C1上装', 'C1_UP', 1, '1', 'http://211.159.176.204:8080/upload_img/C1_up.png', '', '2017-12-05 17:08:52', '2017-12-06 16:51:28'),
	(9, 'C1下装', 'C1_DOWN', 2, '1', 'http://211.159.176.204:8080/upload_img/A1_up.png', '', '2017-12-05 17:09:28', '2017-12-05 22:00:27'),
	(10, 'A2上装', 'A2_UP', 1, '1', 'http://211.159.176.204:8080/upload_img/A1_up.png', '', '2017-12-05 17:19:58', '2017-12-05 22:00:27'),
	(11, 'A2下装', 'A2_DOWN', 2, '1', 'http://211.159.176.204:8080/upload_img/A1_up.png', '', '2017-12-05 17:19:58', '2017-12-05 22:00:27'),
	(12, 'B2上装', 'B2_UP', 1, '1', 'http://211.159.176.204:8080/upload_img/A1_up.png', '', '2017-12-05 17:19:58', '2017-12-05 22:00:27'),
	(13, 'B2下装', 'B2_DOWN', 2, '1', 'http://211.159.176.204:8080/upload_img/A1_up.png', '', '2017-12-05 17:19:58', '2017-12-05 22:00:27'),
	(14, 'C2上装', 'C2_UP', 1, '1', 'http://211.159.176.204:8080/upload_img/A1_up.png', '', '2017-12-05 17:19:58', '2017-12-05 22:00:27'),
	(15, 'C2下装', 'C2_DOWN', 2, '1', 'http://211.159.176.204:8080/upload_img/A1_up.png', '', '2017-12-05 17:19:58', '2017-12-05 22:00:27'),
	(16, 'A3上装', 'A3_UP', 1, '1', 'http://211.159.176.204:8080/upload_img/A1_up.png', '', '2017-12-05 17:19:58', '2017-12-05 22:00:27'),
	(17, 'A3下装', 'A3_DOWN', 2, '1', 'http://211.159.176.204:8080/upload_img/A1_up.png', '', '2017-12-05 17:19:58', '2017-12-05 22:00:27'),
	(18, 'B3上装', 'B3_UP', 1, '1', 'http://211.159.176.204:8080/upload_img/A1_up.png', '', '2017-12-05 17:19:58', '2017-12-05 22:00:27'),
	(19, 'B3下装', 'B3_DOWN', 2, '1', 'http://211.159.176.204:8080/upload_img/A1_up.png', '', '2017-12-05 17:19:58', '2017-12-05 22:00:27'),
	(20, 'C3上装', 'C3_UP', 1, '1', 'http://211.159.176.204:8080/upload_img/A1_up.png', '', '2017-12-05 17:19:58', '2017-12-05 22:00:27'),
	(21, 'C3下装', 'C3_DOWN', 2, '1', 'http://211.159.176.204:8080/upload_img/A1_up.png', '', '2017-12-05 17:19:58', '2017-12-05 22:00:27'),
	(10001, 'DAZZLE', 'DAZZLE', 2, '1', 'http://211.159.176.204:8080/upload_img/1.jpg', '显高搭配：简约轮廓，格纹经典\r\n显白搭配：明度适中，冷暖协调', '2017-12-07 15:39:54', '2017-12-14 16:21:51'),
	(10002, 'DAZZLE', 'DAZZLE', 2, '1', 'http://211.159.176.204:8080/upload_img/2.jpg', '显高搭配：百搭牛仔，阔腿裤型，拉长比例\r\n显白搭配：蓝白经典配色，白色映衬提亮肤色', '2017-12-07 15:39:54', '2017-12-14 17:14:27'),
	(10003, 'DAZZLE', 'DAZZLE', 1, '1', 'http://211.159.176.204:8080/upload_img/3.jpg', '显瘦搭配：极简的几何分割，微廓形视觉减重\r\n显白搭配：粉灰经典配色，轻浅柔和', '2017-12-07 15:39:54', '2017-12-14 17:14:27'),
	(10004, 'DAZZLE', 'DAZZLE', 2, '1', 'http://211.159.176.204:8080/upload_img/4.jpg', '显高搭配：红蓝经典配色，膝上A字轮廓拉长比例', '2017-12-07 15:39:54', '2017-12-07 15:39:54'),
	(10005, 'DAZZLE', 'DAZZLE', 1, '1', 'http://211.159.176.204:8080/upload_img/5.jpg', '显高搭配：彩色几何造型，视觉中心瞬间上移动', '2017-12-07 15:39:54', '2017-12-07 15:39:54'),
	(10006, 'DAZZLE', 'DAZZLE', 2, '1', 'http://211.159.176.204:8080/upload_img/6.jpg', '显高搭配：简约直筒裤，可搭配同色系高跟鞋', '2017-12-07 15:39:54', '2017-12-07 15:39:54'),
	(10007, 'DAZZLE', 'DAZZLE', 1, '1', 'http://211.159.176.204:8080/upload_img/7.jpg', '显瘦搭配：插肩袖设计，厚款也轻盈\r\n显白搭配：大胆蓝色，轻松愉悦', '2017-12-07 15:39:54', '2017-12-14 17:14:27'),
	(10008, 'DAZZLE', 'DAZZLE', 2, '1', 'http://211.159.176.204:8080/upload_img/8.jpg', '显瘦搭配：经典格纹搭配伞裙轮廓', '2017-12-07 15:39:54', '2017-12-07 15:39:54'),
	(10009, 'DAZZLE', 'DAZZLE', 1, '1', 'http://211.159.176.204:8080/upload_img/9.jpg', '显瘦搭配：流行拼贴元素搭配彩色针织，材质柔软诠释少女感\r\n显白搭配：色系柔和，适搭黑色', '2017-12-07 15:39:54', '2017-12-14 17:14:27'),
	(10010, 'DAZZLE', 'DAZZLE', 1, '1', 'http://211.159.176.204:8080/upload_img/10.jpg', '显高搭配：修身款搭配高腰裤，拉长腿部线条感', '2017-12-07 15:39:54', '2017-12-07 15:39:54'),
	(10011, 'DAZZLE', 'DAZZLE', 1, '1', 'http://211.159.176.204:8080/upload_img/11.jpg', '显瘦搭配：少女感可爱针织，搭配金属色百褶裙，你是耀眼主角', '2017-12-07 15:39:54', '2017-12-07 15:39:54'),
	(10012, 'DAZZLE', 'DAZZLE', 1, '1', 'http://211.159.176.204:8080/upload_img/12.jpg', '显高搭配：简约款高领衫更适合搭配高腰裙，调整比例', '2017-12-07 15:39:54', '2017-12-07 15:39:54'),
	(10013, 'DAZZLE', 'DAZZLE', 1, '1', 'http://211.159.176.204:8080/upload_img/13.jpg', '显瘦搭配：简约廓形，修正体型。超乎想象的秋冬新装', '2017-12-07 15:39:54', '2017-12-07 15:39:54'),
	(10014, 'DAZZLE', 'DAZZLE', 2, '1', 'http://211.159.176.204:8080/upload_img/14.jpg', '显高搭配：突出胸线腰线，中度灰色不挑肤色', '2017-12-07 15:39:54', '2017-12-07 15:39:54'),
	(10015, 'DAZZLE', 'DAZZLE', 1, '1', 'http://211.159.176.204:8080/upload_img/15.jpg', '显高搭配：宽松针织可搭配紧身铅笔裤，上松下紧，拉长比例', '2017-12-07 15:39:54', '2017-12-07 15:39:54'),
	(10016, 'DAZZLE', 'DAZZLE', 2, '1', 'http://211.159.176.204:8080/upload_img/16.jpg', '显瘦搭配：低明度收紧轮廓，微喇造型让腿部纤细', '2017-12-07 15:39:54', '2017-12-07 15:39:54'),
	(10017, 'DAZZLE', 'DAZZLE', 1, '1', 'http://211.159.176.204:8080/upload_img/17.jpg', '显瘦搭配：直线造型+经典材质', '2017-12-07 15:39:54', '2017-12-07 15:39:54'),
	(10018, 'DAZZLE', 'DAZZLE', 1, '1', 'http://211.159.176.204:8080/upload_img/18.jpg', '显瘦搭配：基本款搭配设计款，整体低明度', '2017-12-07 15:39:54', '2017-12-07 15:39:54'),
	(10019, 'DAZZLE', 'DAZZLE', 2, '1', 'http://211.159.176.204:8080/upload_img/19.jpg', '显高搭配：膝上长度搭配波点，瞬间活泼起来', '2017-12-07 15:39:54', '2017-12-07 15:39:54'),
	(10020, 'DAZZLE', 'DAZZLE', 1, '1', 'http://211.159.176.204:8080/upload_img/20.jpg', '显瘦搭配：低饱和婴儿蓝，休闲百搭', '2017-12-07 15:39:54', '2017-12-07 15:39:54'),
	(10021, 'DAZZLE', 'DAZZLE', 2, '1', 'http://211.159.176.204:8080/upload_img/21.jpg', '显瘦搭配：金属色+百褶造型，轻松藏肉', '2017-12-07 15:39:54', '2017-12-07 15:39:54'),
	(10022, 'DAZZLE', 'DAZZLE', 1, '1', 'http://211.159.176.204:8080/upload_img/22.jpg', '显瘦搭配：经典翻脸设计，卫衣&针织轻松搭', '2017-12-07 15:39:54', '2017-12-07 15:39:54'),
	(10023, 'DAZZLE', 'DAZZLE', 1, '1', 'http://211.159.176.204:8080/upload_img/23.jpg', '显瘦搭配：茧型轮廓+灰粉色，兼具精致度&减重感', '2017-12-07 15:39:54', '2017-12-07 15:39:54'),
	(10024, 'DAZZLE', 'DAZZLE', 1, '1', 'http://211.159.176.204:8080/upload_img/24.jpg', '显瘦搭配：V领设计+底摆造型，轻松勾勒曲线', '2017-12-07 15:39:54', '2017-12-07 15:39:54'),
	(10025, 'DAZZLE', 'DAZZLE', 1, '1', 'http://211.159.176.204:8080/upload_img/25.jpg', '显瘦搭配：微廓形&橄榄绿，时尚零时差', '2017-12-07 15:39:54', '2017-12-07 15:39:54'),
	(10026, 'DAZZLE', 'DAZZLE', 1, '1', 'http://211.159.176.204:8080/upload_img/26.jpg', '显高搭配：上装花色&下装纯色，视觉中心上移高', '2017-12-07 15:39:54', '2017-12-07 15:39:54'),
	(10027, 'DAZZLE', 'DAZZLE', 1, '1', 'http://211.159.176.204:8080/upload_img/27.jpg', '显瘦搭配：深色中长款，时髦又适用', '2017-12-07 15:39:54', '2017-12-07 15:39:54'),
	(10028, 'DAZZLE', 'DAZZLE', 1, '1', 'http://211.159.176.204:8080/upload_img/28.jpg', '显瘦搭配：柔软温暖，百搭实穿', '2017-12-07 15:39:54', '2017-12-07 15:39:54'),
	(10029, 'DAZZLE', 'DAZZLE', 2, '1', 'http://211.159.176.204:8080/upload_img/29.jpg', '显瘦搭配：闪烁着耀眼的光泽，必不可少的金属色', '2017-12-07 15:39:54', '2017-12-07 15:39:54'),
	(10030, 'DAZZLE', 'DAZZLE', 2, '1', 'http://211.159.176.204:8080/upload_img/30.jpg', '显瘦搭配：材质舒适灰色百搭，发现细节美感', '2017-12-07 15:39:54', '2017-12-07 15:39:54'),
	(10031, 'DAZZLE', 'DAZZLE', 1, '1', 'http://211.159.176.204:8080/upload_img/31.jpg', '显瘦搭配：落肩设计，弱化手臂量感', '2017-12-07 15:39:54', '2017-12-07 15:39:54'),
	(10032, 'DAZZLE', 'DAZZLE', 1, '1', 'http://211.159.176.204:8080/upload_img/32.jpg', '显高搭配：蕾丝自带温柔属性，小面积黑色拼接，让你时髦出众', '2017-12-07 15:39:54', '2017-12-14 11:35:56'),
	(10033, 'DAZZLE', 'DAZZLE', 2, '1', 'http://211.159.176.204:8080/upload_img/33.jpg', '显高搭配：灰色易搭配，都市感十足', '2017-12-07 15:39:54', '2017-12-07 15:39:54'),
	(10034, 'DAZZLE', 'DAZZLE', 1, '1', 'http://211.159.176.204:8080/upload_img/34.jpg', '显高搭配：整体色调轻盈明快，兼具女人的可爱性感', '2017-12-07 15:39:54', '2017-12-07 15:39:54'),
	(10035, 'DAZZLE', 'DAZZLE', 1, '1', 'http://211.159.176.204:8080/upload_img/35.jpg', '显瘦搭配：深色格纹温柔简约，诠释低调无性别美感', '2017-12-07 15:39:54', '2017-12-07 15:39:54'),
	(10036, 'DAZZLE', 'DAZZLE', 1, '1', 'http://211.159.176.204:8080/upload_img/36.jpg', '显瘦搭配：大地色高地风格，给人慢慢活力热情', '2017-12-07 15:39:54', '2017-12-14 11:36:49'),
	(10037, 'DAZZLE', 'DAZZLE', 2, '1', 'http://211.159.176.204:8080/upload_img/37.jpg', '显瘦搭配：A字底摆，让腿部看起来纤细', '2017-12-07 15:39:54', '2017-12-07 15:39:54'),
	(10038, 'DAZZLE', 'DAZZLE', 2, '1', 'http://211.159.176.204:8080/upload_img/38.jpg', '显高搭配：2017的九分裤不分季节，搭配短靴看起来更修长', '2017-12-07 15:39:54', '2017-12-07 15:39:54'),
	(10039, 'DAZZLE', 'DAZZLE', 1, '1', 'http://211.159.176.204:8080/upload_img/39.jpg', '显瘦搭配：剪裁利落干脆，灰色低调独特', '2017-12-07 15:39:54', '2017-12-07 15:39:54'),
	(10040, 'DAZZLE', 'DAZZLE', 1, '1', 'http://211.159.176.204:8080/upload_img/40.jpg', '显瘦搭配：袖口易材质拼接，休闲风外套释放个性', '2017-12-07 15:39:54', '2017-12-07 15:39:54'),
	(10041, 'DAZZLE', 'DAZZLE', 1, '1', 'http://211.159.176.204:8080/upload_img/41.jpg', '显高搭配：长度适中，迷彩让棉服都市感十足', '2017-12-07 15:39:54', '2017-12-07 15:39:54'),
	(10042, 'DAZZLE', 'DAZZLE', 2, '1', 'http://211.159.176.204:8080/upload_img/42.jpg', '显高搭配：完美的比例分割，尽显长腿魅力', '2017-12-07 15:39:54', '2017-12-07 15:39:54'),
	(10043, 'DAZZLE', 'DAZZLE', 1, '1', 'http://211.159.176.204:8080/upload_img/43.jpg', '显瘦搭配：落肩设计，弱化手臂量感，藏肉减重', '2017-12-07 15:39:54', '2017-12-07 15:39:54'),
	(10044, 'DAZZLE', 'DAZZLE', 2, '1', 'http://211.159.176.204:8080/upload_img/44.jpg', '显高搭配：竖条纹拉长比例，微喇造型修正腿型', '2017-12-07 15:39:54', '2017-12-07 15:39:54'),
	(10045, 'DAZZLE', 'DAZZLE', 1, '1', 'http://211.159.176.204:8080/upload_img/45.jpg', '显高搭配：紧身短款搭配A字牛仔，视觉比例上看高挑纤细', '2017-12-07 15:39:54', '2017-12-14 11:37:51'),
	(10046, 'DAZZLE', 'DAZZLE', 1, '1', 'http://211.159.176.204:8080/upload_img/46.jpg', '显瘦搭配：深浅适中，剪裁帅气，看起来非常纤细', '2017-12-07 15:39:54', '2017-12-07 15:39:54'),
	(10047, 'DAZZLE', 'DAZZLE', 1, '1', 'http://211.159.176.204:8080/upload_img/47.jpg', '显瘦搭配：当大衣不在臃肿，怎么穿都是焦点', '2017-12-07 15:39:54', '2017-12-07 15:39:54'),
	(10048, 'DAZZLE', 'DAZZLE', 1, '1', 'http://211.159.176.204:8080/upload_img/48.jpg', '显瘦搭配：极简黑白灰，教你搭出模特STYLE', '2017-12-07 15:39:54', '2017-12-14 11:38:18'),
	(10049, 'DAZZLE', 'DAZZLE', 1, '1', 'http://211.159.176.204:8080/upload_img/49.jpg', '显瘦搭配：大胆冷暖撞色，开始你的时尚生涯', '2017-12-07 15:39:54', '2017-12-07 15:39:54'),
	(10050, 'DAZZLE', 'DAZZLE', 1, '1', 'http://211.159.176.204:8080/upload_img/50.jpg', '显高搭配：淡色调格纹的精致剪裁，秋冬必备元素', '2017-12-07 15:39:54', '2017-12-14 11:38:39'),
	(10051, 'DAZZLE', 'DAZZLE', 2, '1', 'http://211.159.176.204:8080/upload_img/51.jpg', '显高搭配：穿对裤型搭配高跟，才真的调整比例', '2017-12-07 15:39:54', '2017-12-07 15:39:54'),
	(10052, 'DAZZLE', 'DAZZLE', 1, '1', 'http://211.159.176.204:8080/upload_img/52.jpg', '显瘦搭配：黑色最易搭配，领口设计凸显辨识度', '2017-12-07 15:39:54', '2017-12-14 11:47:04'),
	(10053, 'DAZZLE', 'DAZZLE', 1, '1', 'http://211.159.176.204:8080/upload_img/53.jpg', '显瘦搭配：翻领设计，巧妙营造大衣的X廓形', '2017-12-07 15:39:54', '2017-12-07 15:39:54'),
	(10054, 'DAZZLE', 'DAZZLE', 1, '1', 'http://211.159.176.204:8080/upload_img/54.jpg', '显高搭配：蓝白配色&几何造型，告别平庸冬装', '2017-12-07 15:39:54', '2017-12-07 15:39:54'),
	(10055, 'DAZZLE', 'DAZZLE', 2, '1', 'http://211.159.176.204:8080/upload_img/55.jpg', '显高搭配：年末转战各大Party,时髦女孩的必备之选', '2017-12-07 15:39:54', '2017-12-07 15:39:54'),
	(10056, 'DAZZLE', 'DAZZLE', 1, '1', 'http://211.159.176.204:8080/upload_img/56.jpg', '显高搭配：简约轮廓，清新利落', '2017-12-07 15:39:54', '2017-12-07 15:39:54'),
	(10057, 'DAZZLE', 'DAZZLE', 1, '1', 'http://211.159.176.204:8080/upload_img/57.jpg', '显高搭配：穿对最简单的款式，才凸显你的品位', '2017-12-07 15:39:54', '2017-12-07 15:39:54'),
	(10058, 'DAZZLE', 'DAZZLE', 1, '1', 'http://211.159.176.204:8080/upload_img/58.jpg', '显瘦搭配：亮色翻领&黑白拼接，一件足以闪耀整个冬天', '2017-12-07 15:39:54', '2017-12-07 15:39:54'),
	(10059, 'DAZZLE', 'DAZZLE', 2, '1', 'http://211.159.176.204:8080/upload_img/59.jpg', '显高搭配：你永远也想不到，一条完美版型的裤子可以改变你多少', '2017-12-07 15:39:54', '2017-12-07 15:39:54'),
	(10060, 'DAZZLE', 'DAZZLE', 1, '1', 'http://211.159.176.204:8080/upload_img/60.jpg', '显瘦搭配：垂坠材质，灵动若软。收紧腰线，奢华优雅', '2017-12-07 15:39:54', '2017-12-07 15:39:54'),
	(10061, 'DAZZLE', 'DAZZLE', 1, '1', 'http://211.159.176.204:8080/upload_img/61.jpg', '显瘦搭配：休闲针织，包裹你的闲适慵懒，极其实穿', '2017-12-07 15:39:54', '2017-12-07 15:39:54'),
	(10062, 'DAZZLE', 'DAZZLE', 1, '1', 'http://211.159.176.204:8080/upload_img/62.jpg', '显瘦搭配：双排扣气场十足，时髦指数爆表的选择', '2017-12-07 15:39:54', '2017-12-07 15:39:54'),
	(10063, 'DAZZLE', 'DAZZLE', 1, '1', 'http://211.159.176.204:8080/upload_img/63.jpg', '显高搭配：时髦格纹风格前卫，搭配短裙更显修长', '2017-12-07 15:39:54', '2017-12-07 15:39:54'),
	(10064, 'DAZZLE', 'DAZZLE', 1, '1', 'http://211.159.176.204:8080/upload_img/64.jpg', '显瘦搭配：色彩浓郁，暗格精致，搭配黑色打造魅力造型', '2017-12-07 15:39:54', '2017-12-07 15:39:54'),
	(10065, 'DAZZLE', 'DAZZLE', 1, '1', 'http://211.159.176.204:8080/upload_img/65.jpg', '显瘦搭配：小个性图案搭配简约款大衣，独具视觉冲击力', '2017-12-07 15:39:54', '2017-12-07 15:39:54'),
	(10066, 'DAZZLE', 'DAZZLE', 1, '1', 'http://211.159.176.204:8080/upload_img/66.jpg', '显高搭配：one piece&蕾丝，尽显女性曲线魅力', '2017-12-07 15:39:54', '2017-12-07 15:39:54'),
	(10067, 'DAZZLE', 'DAZZLE', 1, '1', 'http://211.159.176.204:8080/upload_img/67.jpg', '显高搭配：迷幻图案搭配黑白两色，风格独具冲击力', '2017-12-07 15:39:54', '2017-12-07 15:39:54'),
	(10068, 'DAZZLE', 'DAZZLE', 1, '1', 'http://211.159.176.204:8080/upload_img/68.jpg', '显高搭配：高饱和暖色，视觉中心一秒上移', '2017-12-07 15:39:54', '2017-12-07 15:39:54'),
	(10069, 'DAZZLE', 'DAZZLE', 1, '1', 'http://211.159.176.204:8080/upload_img/69.jpg', '显瘦搭配：吸睛拼接卫衣，裙装裤装随意搭配', '2017-12-07 15:39:54', '2017-12-14 11:39:06'),
	(10070, 'DAZZLE', 'DAZZLE', 1, '1', 'http://211.159.176.204:8080/upload_img/70.jpg', '显高搭配：A型外套，可搭配同色系过膝长靴，展现高级休闲范儿', '2017-12-07 15:39:54', '2017-12-14 11:39:38'),
	(10071, 'DAZZLE', 'DAZZLE', 1, '1', 'http://211.159.176.204:8080/upload_img/71.jpg', '显高搭配：毛衣搭配毛呢短裤，材质对比低调，突出腿部线条', '2017-12-07 15:39:54', '2017-12-07 15:39:54'),
	(10072, 'DAZZLE', 'DAZZLE', 1, '1', 'http://211.159.176.204:8080/upload_img/72.jpg', '显瘦搭配：落肩设计，弱化手臂量感，藏肉减重', '2017-12-07 15:39:54', '2017-12-07 15:39:54'),
	(10073, 'DAZZLE', 'DAZZLE', 2, '1', 'http://211.159.176.204:8080/upload_img/73.jpg', '显高搭配：条纹&格纹，高调烘托甜美范儿', '2017-12-07 15:39:54', '2017-12-07 15:39:54'),
	(10074, 'DAZZLE', 'DAZZLE', 2, '1', 'http://211.159.176.204:8080/upload_img/74.jpg', '显高搭配：基本款搭配设计款，让你造型瞬间出彩', '2017-12-07 15:39:54', '2017-12-07 15:39:54'),
	(10075, 'DAZZLE', 'DAZZLE', 1, '1', 'http://211.159.176.204:8080/upload_img/75.jpg', '显瘦搭配：一字肩造型，轻松勾勒曲线', '2017-12-07 15:39:54', '2017-12-07 15:39:54'),
	(10076, 'DAZZLE', 'DAZZLE', 1, '1', 'http://211.159.176.204:8080/upload_img/76.jpg', '显高搭配：婴儿蓝搭配皮革，甜酷少女风', '2017-12-07 15:39:54', '2017-12-07 15:39:54'),
	(10077, 'DAZZLE', 'DAZZLE', 1, '1', 'http://211.159.176.204:8080/upload_img/77.jpg', '显瘦搭配：外衣与内搭同色系，展现高级休闲范', '2017-12-07 15:39:54', '2017-12-07 15:39:54'),
	(10078, 'DAZZLE', 'DAZZLE', 2, '1', 'http://211.159.176.204:8080/upload_img/78.jpg', '显高搭配：条纹&格纹，轻松碰撞潮酷范儿', '2017-12-07 15:39:54', '2017-12-07 15:39:54'),
	(10079, 'DAZZLE', 'DAZZLE', 1, '1', 'http://211.159.176.204:8080/upload_img/79.jpg', '显瘦搭配：落肩设计，弱化手臂量感，藏肉减重', '2017-12-07 15:39:54', '2017-12-07 15:39:54'),
	(10080, 'DAZZLE', 'DAZZLE', 1, '1', 'http://211.159.176.204:8080/upload_img/80.jpg', '显瘦搭配：U字领清新脱俗，搭配裤装摇曳轻盈', '2017-12-07 15:39:54', '2017-12-07 15:39:54'),
	(10081, 'DAZZLE', 'DAZZLE', 1, '1', 'http://211.159.176.204:8080/upload_img/81.jpg', '显高搭配：把浅色系放在上半身，视觉中心瞬间上移', '2017-12-07 15:39:54', '2017-12-14 11:40:09'),
	(10082, 'DAZZLE', 'DAZZLE', 1, '1', 'http://211.159.176.204:8080/upload_img/82.jpg', '显高搭配：趣味波点&双色拼接，诠释百变少女形象', '2017-12-07 15:39:54', '2017-12-07 15:39:54'),
	(10083, 'DAZZLE', 'DAZZLE', 1, '1', 'http://211.159.176.204:8080/upload_img/83.jpg', '显瘦搭配：告别暗沉秋冬，浅色棉服搭配深色内搭都会感十足', '2017-12-07 15:39:54', '2017-12-07 15:39:54'),
	(10084, 'DAZZLE', 'DAZZLE', 2, '1', 'http://211.159.176.204:8080/upload_img/84.jpg', '显瘦搭配：A字底摆，让腿部看起来纤细', '2017-12-07 15:39:54', '2017-12-07 15:39:54'),
	(10085, 'DAZZLE', 'DAZZLE', 1, '1', 'http://211.159.176.204:8080/upload_img/85.jpg', '显瘦搭配：热情浓郁的红，流光溢彩般闪耀', '2017-12-07 15:39:54', '2017-12-07 15:39:54'),
	(10086, 'DAZZLE', 'DAZZLE', 1, '1', 'http://211.159.176.204:8080/upload_img/86.jpg', '显高搭配：上浅下深，搭配高腰裤，营造高挑纤细感', '2017-12-07 15:39:54', '2017-12-07 15:39:54'),
	(10087, 'DAZZLE', 'DAZZLE', 1, '1', 'http://211.159.176.204:8080/upload_img/87.jpg', '显高搭配：上浅下深，营造高挑纤细感', '2017-12-07 15:39:54', '2017-12-07 15:39:54'),
	(10088, 'DAZZLE', 'DAZZLE', 2, '1', 'http://211.159.176.204:8080/upload_img/88.jpg', '显高搭配：完美的比例分割，尽显长腿魅力', '2017-12-07 15:39:54', '2017-12-07 15:39:54'),
	(10089, 'DAZZLE', 'DAZZLE', 1, '1', 'http://211.159.176.204:8080/upload_img/89.jpg', '显瘦搭配：同材质冷色搭配，整体宽松非常显瘦', '2017-12-07 15:39:54', '2017-12-07 15:39:54'),
	(10090, 'DAZZLE', 'DAZZLE', 1, '1', 'http://211.159.176.204:8080/upload_img/90.jpg', '显瘦搭配：强对比图案，搭配皮裙尽显不羁个性', '2017-12-07 15:39:54', '2017-12-07 15:39:54'),
	(10091, 'DAZZLE', 'DAZZLE', 2, '1', 'http://211.159.176.204:8080/upload_img/91.jpg', '显高搭配：低明度收紧轮廓，微喇造型让腿部纤细', '2017-12-07 15:39:54', '2017-12-07 15:39:54'),
	(10092, 'DAZZLE', 'DAZZLE', 1, '1', 'http://211.159.176.204:8080/upload_img/92.jpg', '显高搭配：几何造型搭配亮面皮革，告别平庸造型', '2017-12-07 15:39:54', '2017-12-14 11:40:37'),
	(10093, 'DAZZLE', 'DAZZLE', 2, '1', 'http://211.159.176.204:8080/upload_img/93.jpg', '显瘦搭配：修身裙搭配宽松上衣，显瘦兼具女人味', '2017-12-07 15:39:54', '2017-12-07 15:39:54'),
	(10094, 'DAZZLE', 'DAZZLE', 1, '1', 'http://211.159.176.204:8080/upload_img/94.jpg', '显高搭配：抽象印花&深色内搭，一点前卫又不失端庄', '2017-12-07 15:39:54', '2017-12-07 15:39:54'),
	(10095, 'DAZZLE', 'DAZZLE', 1, '1', 'http://211.159.176.204:8080/upload_img/95.jpg', '显瘦搭配：落肩设计，弱化手臂量感，藏肉减重', '2017-12-07 15:39:54', '2017-12-07 15:39:54'),
	(10096, 'DAZZLE', 'DAZZLE', 1, '1', 'http://211.159.176.204:8080/upload_img/96.jpg', '显高搭配：上浅下深，营造高挑纤细感', '2017-12-07 15:39:54', '2017-12-07 15:39:54'),
	(10097, 'DAZZLE', 'DAZZLE', 1, '1', 'http://211.159.176.204:8080/upload_img/97.jpg', '显瘦搭配：A字廓形，让全身看起来纤细', '2017-12-07 15:39:54', '2017-12-07 15:39:54'),
	(10098, 'DAZZLE', 'DAZZLE', 1, '1', 'http://211.159.176.204:8080/upload_img/98.jpg', '显瘦搭配：A字廓形，外浅内深，让全身看起来纤细', '2017-12-07 15:39:54', '2017-12-07 15:39:54'),
	(10099, 'DAZZLE', 'DAZZLE', 2, '1', 'http://211.159.176.204:8080/upload_img/99.jpg', '显高搭配：材质独特，膝上长度，完美拉伸腿部线条', '2017-12-07 15:39:54', '2017-12-07 15:39:54'),
	(10100, 'DAZZLE', 'DAZZLE', 2, '1', 'http://211.159.176.204:8080/upload_img/100.jpg', '显高搭配：蕾丝搭配短裤帮你拗造型', '2017-12-07 15:39:54', '2017-12-07 15:39:54'),
	(10101, 'DAZZLE', 'DAZZLE', 2, '1', 'http://211.159.176.204:8080/upload_img/101.jpg', '显高搭配：微拉高的腰线，巧妙调整身材比例', '2017-12-07 15:39:54', '2017-12-07 15:39:54'),
	(10102, 'DAZZLE', 'DAZZLE', 1, '1', 'http://211.159.176.204:8080/upload_img/102.jpg', '显瘦搭配：一件深色棉服，将你的闲适与慵懒暖暖轻拥', '2017-12-07 15:39:54', '2017-12-07 15:39:54'),
	(10103, 'DAZZLE', 'DAZZLE', 1, '1', 'http://211.159.176.204:8080/upload_img/103.jpg', '显高搭配：A字廓形搭配紧身半裙，别样的“蓬”然心动', '2017-12-07 15:39:54', '2017-12-07 15:39:54'),
	(10104, 'DAZZLE', 'DAZZLE', 1, '1', 'http://211.159.176.204:8080/upload_img/104.jpg', '显瘦搭配：H线条搭配，更加修饰身材', '2017-12-07 15:39:54', '2017-12-07 15:39:54'),
	(10105, 'DAZZLE', 'DAZZLE', 1, '1', 'http://211.159.176.204:8080/upload_img/105.jpg', '显瘦搭配：中性风，不过分强调曲线，率性潇洒', '2017-12-07 15:39:54', '2017-12-07 15:39:54'),
	(10106, 'DAZZLE', 'DAZZLE', 1, '1', 'http://211.159.176.204:8080/upload_img/106.jpg', '显瘦搭配：剪裁利落干脆，灰色低调独特', '2017-12-07 15:39:54', '2017-12-07 15:39:54'),
	(10107, 'DAZZLE', 'DAZZLE', 1, '1', 'http://211.159.176.204:8080/upload_img/107.jpg', '显瘦搭配：经典款气场十足，腰间设计修饰轮廓', '2017-12-07 15:39:54', '2017-12-07 15:39:54'),
	(10108, 'DAZZLE', 'DAZZLE', 1, '1', 'http://211.159.176.204:8080/upload_img/108.jpg', '显瘦搭配：颜色跟材质的对比，让你轻松穿出时尚感', '2017-12-07 15:39:54', '2017-12-07 15:39:54'),
	(10109, 'DAZZLE', 'DAZZLE', 1, '1', 'http://211.159.176.204:8080/upload_img/109.jpg', '显瘦搭配：黑色毛衣&白色流苏，独具视觉冲击感', '2017-12-07 15:39:54', '2017-12-07 15:39:54'),
	(10110, 'DAZZLE', 'DAZZLE', 2, '1', 'http://211.159.176.204:8080/upload_img/110.jpg', '显瘦搭配：A字底摆，让腰部看起来纤细', '2017-12-07 15:39:54', '2017-12-07 15:39:54'),
	(10111, 'DAZZLE', 'DAZZLE', 1, '1', 'http://211.159.176.204:8080/upload_img/111.jpg', '显高搭配：叠穿趣味，混搭乐趣', '2017-12-07 15:39:54', '2017-12-07 15:39:54'),
	(10112, 'DAZZLE', 'DAZZLE', 1, '1', 'http://211.159.176.204:8080/upload_img/112.jpg', '显瘦搭配：条纹开衫外套，怎么搭都减重', '2017-12-07 15:39:54', '2017-12-14 11:41:08'),
	(10113, 'DAZZLE', 'DAZZLE', 1, '1', 'http://211.159.176.204:8080/upload_img/113.jpg', '显瘦搭配：插肩袖设计&低饱和蓝色，厚款也轻盈', '2017-12-07 15:39:54', '2017-12-07 15:39:54'),
	(10114, 'DAZZLE', 'DAZZLE', 1, '1', 'http://211.159.176.204:8080/upload_img/114.jpg', '显高搭配：嫌棉服不亮眼，这件足够轻盈出众', '2017-12-07 15:39:54', '2017-12-07 15:39:54'),
	(10115, 'DAZZLE', 'DAZZLE', 1, '1', 'http://211.159.176.204:8080/upload_img/115.jpg', '显瘦搭配：精良剪裁，面料独特', '2017-12-07 15:39:54', '2017-12-07 15:39:54'),
	(10116, 'DAZZLE', 'DAZZLE', 1, '1', 'http://211.159.176.204:8080/upload_img/116.jpg', '显高搭配：格纹碰撞荷叶边，秋冬吸睛秘籍', '2017-12-07 15:39:54', '2017-12-07 15:39:54'),
	(10117, 'DAZZLE', 'DAZZLE', 1, '1', 'http://211.159.176.204:8080/upload_img/117.jpg', '显瘦搭配：马卡龙色&摩登廓形，浅色也减重', '2017-12-07 15:39:54', '2017-12-14 11:45:39'),
	(10118, 'DAZZLE', 'DAZZLE', 1, '1', 'http://211.159.176.204:8080/upload_img/118.jpg', '显高搭配：高饱和的正红色，视觉中心一秒上移', '2017-12-07 15:39:54', '2017-12-07 15:39:54'),
	(10119, 'DAZZLE', 'DAZZLE', 1, '1', 'http://211.159.176.204:8080/upload_img/119.jpg', '显高搭配：潮流短款，高街休闲风', '2017-12-07 15:39:54', '2017-12-14 11:41:43'),
	(10120, 'DAZZLE', 'DAZZLE', 1, '1', 'http://211.159.176.204:8080/upload_img/120.jpg', '显高搭配：大地色，永远不会被替代的经典色系', '2017-12-07 15:39:54', '2017-12-07 15:39:54'),
	(10121, 'DAZZLE', 'DAZZLE', 2, '1', 'http://211.159.176.204:8080/upload_img/121.jpg', '显瘦搭配：几何造型，展现独特美学与个性态度', '2017-12-07 15:39:54', '2017-12-14 11:46:35'),
	(10122, 'DAZZLE', 'DAZZLE', 1, '1', 'http://211.159.176.204:8080/upload_img/122.jpg', '显瘦搭配：借由拼接换发摩登活力，秋冬时髦之选', '2017-12-07 15:39:54', '2017-12-07 15:39:54'),
	(10123, 'DAZZLE', 'DAZZLE', 1, '1', 'http://211.159.176.204:8080/upload_img/123.jpg', '显高搭配：透视轻盈新系列，即使白色都同样耀眼', '2017-12-07 15:39:54', '2017-12-07 15:39:54'),
	(10124, 'DAZZLE', 'DAZZLE', 1, '1', 'http://211.159.176.204:8080/upload_img/124.jpg', '显瘦搭配：中性款持续大热，极具个性存在感', '2017-12-07 15:39:54', '2017-12-07 15:39:54'),
	(10125, 'DAZZLE', 'DAZZLE', 2, '1', 'http://211.159.176.204:8080/upload_img/125.jpg', '显瘦搭配：图案高级含蓄，廓形新奇有趣', '2017-12-07 15:39:54', '2017-12-14 11:42:28'),
	(10126, 'DAZZLE', 'DAZZLE', 1, '1', 'http://211.159.176.204:8080/upload_img/126.jpg', '显瘦搭配：不规则设计，享受叠穿乐趣', '2017-12-07 15:39:54', '2017-12-07 15:39:54'),
	(10127, 'DAZZLE', 'DAZZLE', 2, '1', 'http://211.159.176.204:8080/upload_img/127.jpg', '显高搭配：花色少女感十足，膝上长度拉长比例', '2017-12-07 15:39:54', '2017-12-14 11:42:54'),
	(10128, 'DAZZLE', 'DAZZLE', 1, '1', 'http://211.159.176.204:8080/upload_img/128.jpg', '显高搭配：不突出曲线的中性风，率性&洒脱', '2017-12-07 15:39:54', '2017-12-07 15:39:54'),
	(10129, 'DAZZLE', 'DAZZLE', 1, '1', 'http://211.159.176.204:8080/upload_img/129.jpg', '显瘦搭配：经典大衣&休闲卫衣，无可挑剔的时髦感', '2017-12-07 15:39:54', '2017-12-07 15:39:54'),
	(10130, 'DAZZLE', 'DAZZLE', 2, '1', 'http://211.159.176.204:8080/upload_img/130.jpg', '显瘦搭配：一字肩设计，让手臂纤细', '2017-12-07 15:39:54', '2017-12-07 15:39:54'),
	(10131, 'DAZZLE', 'DAZZLE', 1, '1', 'http://211.159.176.204:8080/upload_img/131.jpg', '显瘦搭配：2017最IN的半拉链设计，时髦之选', '2017-12-07 15:39:54', '2017-12-07 15:39:54'),
	(10132, 'DAZZLE', 'DAZZLE', 1, '1', 'http://211.159.176.204:8080/upload_img/132.jpg', '显高搭配：精良剪裁，面料独特', '2017-12-07 15:39:54', '2017-12-14 11:48:06'),
	(10133, 'DAZZLE', 'DAZZLE', 1, '1', 'http://211.159.176.204:8080/upload_img/133.jpg', '显瘦搭配：复古纹样搭配潮流廓形，率性潇洒', '2017-12-07 15:39:54', '2017-12-14 11:44:11'),
	(10134, 'DAZZLE', 'DAZZLE', 2, '1', 'http://211.159.176.204:8080/upload_img/134.jpg', '显瘦搭配：A字底摆，让腿部看起来纤细', '2017-12-07 15:39:54', '2017-12-07 15:39:54'),
	(10135, 'DAZZLE', 'DAZZLE', 2, '1', 'http://211.159.176.204:8080/upload_img/135.jpg', '显高搭配：蕾丝结合双层透视，强调女性曲线', '2017-12-07 15:39:54', '2017-12-07 15:39:54'),
	(10136, 'DAZZLE', 'DAZZLE', 1, '1', 'http://211.159.176.204:8080/upload_img/136.jpg', '显高搭配：独特扣子设计，视觉中心上移', '2017-12-07 15:39:54', '2017-12-07 15:39:54'),
	(10137, 'DAZZLE', 'DAZZLE', 1, '1', 'http://211.159.176.204:8080/upload_img/137.jpg', '显高搭配：腰间设计，拉高腰线', '2017-12-07 15:39:54', '2017-12-07 15:39:54'),
	(10138, 'DAZZLE', 'DAZZLE', 1, '1', 'http://211.159.176.204:8080/upload_img/138.jpg', '显瘦搭配：简约基本款，不分季节性', '2017-12-07 15:39:54', '2017-12-07 15:39:54'),
	(10139, 'DAZZLE', 'DAZZLE', 1, '1', 'http://211.159.176.204:8080/upload_img/139.jpg', '显瘦搭配：肩线腰线挺阔，永恒的复古格纹', '2017-12-07 15:39:54', '2017-12-07 15:39:54'),
	(10140, 'DAZZLE', 'DAZZLE', 1, '1', 'http://211.159.176.204:8080/upload_img/140.jpg', '显瘦搭配：垂坠材质混搭潮流款式，奢华高街风', '2017-12-07 15:39:54', '2017-12-07 15:39:54'),
	(10141, 'DAZZLE', 'DAZZLE', 1, '1', 'http://211.159.176.204:8080/upload_img/141.jpg', '显瘦搭配：小心机都在背后，宽松款变得轻盈', '2017-12-07 15:39:54', '2017-12-14 11:44:45'),
	(10142, 'DAZZLE', 'DAZZLE', 1, '1', 'http://211.159.176.204:8080/upload_img/142.jpg', '显瘦搭配：冷色+翻领，保暖减重，必不可少', '2017-12-07 15:39:54', '2017-12-07 15:39:54'),
	(10143, 'DAZZLE', 'DAZZLE', 2, '1', 'http://211.159.176.204:8080/upload_img/143.jpg', '显高搭配：剪裁精良，搭配度高', '2017-12-07 15:39:54', '2017-12-07 15:39:54'),
	(10144, 'DAZZLE', 'DAZZLE', 1, '1', 'http://211.159.176.204:8080/upload_img/144.jpg', '显瘦搭配：轻薄材质，凸显若隐若现的女人味，', '2017-12-07 15:39:54', '2017-12-07 15:39:54'),
	(10145, 'DAZZLE', 'DAZZLE', 1, '1', 'http://211.159.176.204:8080/upload_img/145.jpg', '显瘦搭配：经典夹克多了拼接设计，不循规蹈矩', '2017-12-07 15:39:54', '2017-12-07 15:39:54'),
	(10146, 'DAZZLE', 'DAZZLE', 1, '1', 'http://211.159.176.204:8080/upload_img/146.jpg', '显瘦搭配：保暖实用同时，几何线条换发活力', '2017-12-07 15:39:54', '2017-12-07 15:39:54'),
	(10147, 'DAZZLE', 'DAZZLE', 1, '1', 'http://211.159.176.204:8080/upload_img/147.jpg', '显瘦搭配：低明度针织，搭长靴才完美', '2017-12-07 15:39:54', '2017-12-07 15:39:54'),
	(10148, 'DAZZLE', 'DAZZLE', 1, '1', 'http://211.159.176.204:8080/upload_img/148.jpg', '显高搭配：巧妙分割，不挑身高', '2017-12-07 15:39:54', '2017-12-07 15:39:54'),
	(10149, 'DAZZLE', 'DAZZLE', 1, '1', 'http://211.159.176.204:8080/upload_img/149.jpg', '显高搭配：上浅下深，营造高挑纤细感', '2017-12-07 15:39:54', '2017-12-07 15:39:54'),
	(10150, 'DAZZLE', 'DAZZLE', 1, '1', 'http://211.159.176.204:8080/upload_img/150.jpg', '显瘦搭配：茧型轮廓，粉灰经典配色', '2017-12-07 15:39:54', '2017-12-07 15:39:54');
/*!40000 ALTER TABLE `mm_cloth` ENABLE KEYS */;

-- 导出  表 mm_managment_console.mm_cloth_tag 结构
CREATE TABLE IF NOT EXISTS `mm_cloth_tag` (
  `id` int(11) NOT NULL AUTO_INCREMENT,
  `cloth_id` int(11) NOT NULL,
  `tag_id` int(11) NOT NULL,
  `createAt` datetime NOT NULL DEFAULT CURRENT_TIMESTAMP,
  PRIMARY KEY (`id`)
) ENGINE=InnoDB AUTO_INCREMENT=1011 DEFAULT CHARSET=utf8 COMMENT='衣服和标签管理表（1对多）';

-- 正在导出表  mm_managment_console.mm_cloth_tag 的数据：~988 rows (大约)
/*!40000 ALTER TABLE `mm_cloth_tag` DISABLE KEYS */;
INSERT INTO `mm_cloth_tag` (`id`, `cloth_id`, `tag_id`, `createAt`) VALUES
	(23, 10001, 10104, '2017-12-07 16:52:37'),
	(24, 10001, 10202, '2017-12-07 16:52:37'),
	(25, 10001, 10302, '2017-12-07 16:52:37'),
	(26, 10001, 10405, '2017-12-07 16:52:37'),
	(27, 10001, 10501, '2017-12-07 16:52:37'),
	(28, 10001, 10602, '2017-12-07 16:52:37'),
	(29, 10001, 10807, '2017-12-07 16:52:37'),
	(30, 10002, 10202, '2017-12-07 16:52:37'),
	(31, 10002, 10302, '2017-12-07 16:52:37'),
	(32, 10002, 10408, '2017-12-07 16:52:37'),
	(33, 10002, 10501, '2017-12-07 16:52:37'),
	(34, 10002, 10603, '2017-12-07 16:52:37'),
	(35, 10002, 10802, '2017-12-07 16:52:37'),
	(36, 10003, 10203, '2017-12-07 16:52:37'),
	(37, 10003, 10303, '2017-12-07 16:52:37'),
	(38, 10003, 10408, '2017-12-07 16:52:37'),
	(39, 10003, 10502, '2017-12-07 16:52:37'),
	(40, 10003, 10603, '2017-12-07 16:52:37'),
	(41, 10003, 10701, '2017-12-07 16:52:37'),
	(42, 10004, 10201, '2017-12-07 16:52:37'),
	(43, 10004, 10302, '2017-12-07 16:52:37'),
	(44, 10004, 10408, '2017-12-07 16:52:37'),
	(45, 10004, 10502, '2017-12-07 16:52:37'),
	(46, 10004, 10602, '2017-12-07 16:52:37'),
	(47, 10004, 10805, '2017-12-07 16:52:37'),
	(48, 10005, 10104, '2017-12-07 16:52:37'),
	(49, 10005, 10202, '2017-12-07 16:52:37'),
	(50, 10005, 10303, '2017-12-07 16:52:37'),
	(51, 10005, 10405, '2017-12-07 16:52:37'),
	(52, 10005, 10502, '2017-12-07 16:52:37'),
	(53, 10005, 10603, '2017-12-07 16:52:37'),
	(54, 10005, 10702, '2017-12-07 16:52:37'),
	(55, 10006, 10202, '2017-12-07 16:52:37'),
	(56, 10006, 10302, '2017-12-07 16:52:37'),
	(57, 10006, 10408, '2017-12-07 16:52:37'),
	(58, 10006, 10503, '2017-12-07 16:52:37'),
	(59, 10006, 10603, '2017-12-07 16:52:37'),
	(60, 10006, 10803, '2017-12-07 16:52:37'),
	(61, 10007, 10203, '2017-12-07 16:52:37'),
	(62, 10007, 10303, '2017-12-07 16:52:37'),
	(63, 10007, 10406, '2017-12-07 16:52:37'),
	(64, 10007, 10501, '2017-12-07 16:52:37'),
	(65, 10007, 10605, '2017-12-07 16:52:37'),
	(66, 10007, 10703, '2017-12-07 16:52:37'),
	(67, 10008, 10202, '2017-12-07 16:52:37'),
	(68, 10008, 10302, '2017-12-07 16:52:37'),
	(69, 10008, 10405, '2017-12-07 16:52:37'),
	(70, 10008, 10501, '2017-12-07 16:52:37'),
	(71, 10008, 10601, '2017-12-07 16:52:37'),
	(72, 10008, 10805, '2017-12-07 16:52:37'),
	(73, 10009, 10104, '2017-12-07 16:52:37'),
	(74, 10009, 10202, '2017-12-07 16:52:37'),
	(75, 10009, 10302, '2017-12-07 16:52:37'),
	(76, 10009, 10406, '2017-12-07 16:52:37'),
	(77, 10009, 10502, '2017-12-07 16:52:37'),
	(78, 10009, 10601, '2017-12-07 16:52:37'),
	(79, 10009, 10702, '2017-12-07 16:52:37'),
	(80, 10010, 10103, '2017-12-07 16:52:37'),
	(81, 10010, 10202, '2017-12-07 16:52:37'),
	(82, 10010, 10303, '2017-12-07 16:52:37'),
	(83, 10010, 10408, '2017-12-07 16:52:37'),
	(84, 10010, 10503, '2017-12-07 16:52:37'),
	(85, 10010, 10605, '2017-12-07 16:52:37'),
	(86, 10010, 10702, '2017-12-07 16:52:37'),
	(87, 10011, 10103, '2017-12-07 16:52:37'),
	(88, 10011, 10202, '2017-12-07 16:52:37'),
	(89, 10011, 10302, '2017-12-07 16:52:37'),
	(90, 10011, 10408, '2017-12-07 16:52:37'),
	(91, 10011, 10502, '2017-12-07 16:52:37'),
	(92, 10011, 10605, '2017-12-07 16:52:37'),
	(93, 10011, 10702, '2017-12-07 16:52:37'),
	(94, 10012, 10103, '2017-12-07 16:52:37'),
	(95, 10012, 10202, '2017-12-07 16:52:37'),
	(96, 10012, 10303, '2017-12-07 16:52:37'),
	(97, 10012, 10401, '2017-12-07 16:52:37'),
	(98, 10012, 10503, '2017-12-07 16:52:37'),
	(99, 10012, 10605, '2017-12-07 16:52:37'),
	(100, 10012, 10702, '2017-12-07 16:52:37'),
	(101, 10013, 10203, '2017-12-07 16:52:37'),
	(102, 10013, 10303, '2017-12-07 16:52:37'),
	(103, 10013, 10408, '2017-12-07 16:52:37'),
	(104, 10013, 10503, '2017-12-07 16:52:37'),
	(105, 10013, 10604, '2017-12-07 16:52:37'),
	(106, 10013, 10703, '2017-12-07 16:52:37'),
	(107, 10014, 10104, '2017-12-07 16:52:37'),
	(108, 10014, 10201, '2017-12-07 16:52:37'),
	(109, 10014, 10303, '2017-12-07 16:52:37'),
	(110, 10014, 10405, '2017-12-07 16:52:37'),
	(111, 10014, 10501, '2017-12-07 16:52:37'),
	(112, 10014, 10601, '2017-12-07 16:52:37'),
	(113, 10014, 10805, '2017-12-07 16:52:37'),
	(114, 10015, 10104, '2017-12-07 16:52:37'),
	(115, 10015, 10203, '2017-12-07 16:52:37'),
	(116, 10015, 10303, '2017-12-07 16:52:37'),
	(117, 10015, 10408, '2017-12-07 16:52:37'),
	(118, 10015, 10502, '2017-12-07 16:52:37'),
	(119, 10015, 10601, '2017-12-07 16:52:37'),
	(120, 10015, 10702, '2017-12-07 16:52:37'),
	(121, 10016, 10202, '2017-12-07 16:52:37'),
	(122, 10016, 10302, '2017-12-07 16:52:37'),
	(123, 10016, 10408, '2017-12-07 16:52:37'),
	(124, 10016, 10503, '2017-12-07 16:52:37'),
	(125, 10016, 10601, '2017-12-07 16:52:37'),
	(126, 10016, 10804, '2017-12-07 16:52:37'),
	(127, 10017, 10203, '2017-12-07 16:52:37'),
	(128, 10017, 10303, '2017-12-07 16:52:37'),
	(129, 10017, 10404, '2017-12-07 16:52:37'),
	(130, 10017, 10501, '2017-12-07 16:52:37'),
	(131, 10017, 10601, '2017-12-07 16:52:37'),
	(132, 10017, 10704, '2017-12-07 16:52:37'),
	(133, 10018, 10103, '2017-12-07 16:52:37'),
	(134, 10018, 10201, '2017-12-07 16:52:37'),
	(135, 10018, 10303, '2017-12-07 16:52:37'),
	(136, 10018, 10408, '2017-12-07 16:52:37'),
	(137, 10018, 10501, '2017-12-07 16:52:37'),
	(138, 10018, 10601, '2017-12-07 16:52:37'),
	(139, 10018, 10702, '2017-12-07 16:52:37'),
	(140, 10019, 10202, '2017-12-07 16:52:37'),
	(141, 10019, 10303, '2017-12-07 16:52:37'),
	(142, 10019, 10405, '2017-12-07 16:52:37'),
	(143, 10019, 10502, '2017-12-07 16:52:37'),
	(144, 10019, 10605, '2017-12-07 16:52:37'),
	(145, 10019, 10805, '2017-12-07 16:52:37'),
	(146, 10020, 10203, '2017-12-07 16:52:37'),
	(147, 10020, 10303, '2017-12-07 16:52:37'),
	(148, 10020, 10408, '2017-12-07 16:52:37'),
	(149, 10020, 10501, '2017-12-07 16:52:37'),
	(150, 10020, 10601, '2017-12-07 16:52:37'),
	(151, 10020, 10704, '2017-12-07 16:52:37'),
	(152, 10021, 10203, '2017-12-07 16:52:37'),
	(153, 10021, 10303, '2017-12-07 16:52:37'),
	(154, 10021, 10408, '2017-12-07 16:52:37'),
	(155, 10021, 10502, '2017-12-07 16:52:37'),
	(156, 10021, 10601, '2017-12-07 16:52:37'),
	(157, 10021, 10807, '2017-12-07 16:52:37'),
	(158, 10022, 10203, '2017-12-07 16:52:37'),
	(159, 10022, 10303, '2017-12-07 16:52:37'),
	(160, 10022, 10408, '2017-12-07 16:52:37'),
	(161, 10022, 10502, '2017-12-07 16:52:37'),
	(162, 10022, 10601, '2017-12-07 16:52:37'),
	(163, 10022, 10602, '2017-12-07 16:52:37'),
	(164, 10022, 10704, '2017-12-07 16:52:37'),
	(165, 10023, 10203, '2017-12-07 16:52:37'),
	(166, 10023, 10303, '2017-12-07 16:52:37'),
	(167, 10023, 10408, '2017-12-07 16:52:37'),
	(168, 10023, 10502, '2017-12-07 16:52:37'),
	(169, 10023, 10602, '2017-12-07 16:52:37'),
	(170, 10023, 10703, '2017-12-07 16:52:37'),
	(171, 10024, 10101, '2017-12-07 16:52:37'),
	(172, 10024, 10202, '2017-12-07 16:52:37'),
	(173, 10024, 10302, '2017-12-07 16:52:37'),
	(174, 10024, 10408, '2017-12-07 16:52:37'),
	(175, 10024, 10503, '2017-12-07 16:52:37'),
	(176, 10024, 10605, '2017-12-07 16:52:37'),
	(177, 10024, 10702, '2017-12-07 16:52:37'),
	(178, 10025, 10203, '2017-12-07 16:52:37'),
	(179, 10025, 10303, '2017-12-07 16:52:37'),
	(180, 10025, 10408, '2017-12-07 16:52:37'),
	(181, 10025, 10501, '2017-12-07 16:52:37'),
	(182, 10025, 10601, '2017-12-07 16:52:37'),
	(183, 10025, 10603, '2017-12-07 16:52:37'),
	(184, 10025, 10702, '2017-12-07 16:52:37'),
	(185, 10026, 10202, '2017-12-07 16:52:37'),
	(186, 10026, 10302, '2017-12-07 16:52:37'),
	(187, 10026, 10405, '2017-12-07 16:52:37'),
	(188, 10026, 10503, '2017-12-07 16:52:37'),
	(189, 10026, 10605, '2017-12-07 16:52:37'),
	(190, 10026, 10702, '2017-12-07 16:52:37'),
	(191, 10027, 10203, '2017-12-07 16:52:37'),
	(192, 10027, 10302, '2017-12-07 16:52:37'),
	(193, 10027, 10408, '2017-12-07 16:52:37'),
	(194, 10027, 10503, '2017-12-07 16:52:37'),
	(195, 10027, 10603, '2017-12-07 16:52:37'),
	(196, 10027, 10704, '2017-12-07 16:52:37'),
	(197, 10028, 10203, '2017-12-07 16:52:37'),
	(198, 10028, 10303, '2017-12-07 16:52:37'),
	(199, 10028, 10408, '2017-12-07 16:52:37'),
	(200, 10028, 10502, '2017-12-07 16:52:37'),
	(201, 10028, 10601, '2017-12-07 16:52:37'),
	(202, 10028, 10704, '2017-12-07 16:52:37'),
	(203, 10029, 10203, '2017-12-07 16:52:37'),
	(204, 10029, 10303, '2017-12-07 16:52:37'),
	(205, 10029, 10408, '2017-12-07 16:52:37'),
	(206, 10029, 10503, '2017-12-07 16:52:37'),
	(207, 10029, 10601, '2017-12-07 16:52:37'),
	(208, 10029, 10807, '2017-12-07 16:52:37'),
	(209, 10030, 10104, '2017-12-07 16:52:37'),
	(210, 10030, 10202, '2017-12-07 16:52:37'),
	(211, 10030, 10302, '2017-12-07 16:52:37'),
	(212, 10030, 10408, '2017-12-07 16:52:37'),
	(213, 10030, 10503, '2017-12-07 16:52:37'),
	(214, 10030, 10601, '2017-12-07 16:52:37'),
	(215, 10030, 10603, '2017-12-07 16:52:37'),
	(216, 10030, 10806, '2017-12-07 16:52:37'),
	(217, 10031, 10101, '2017-12-07 16:52:37'),
	(218, 10031, 10203, '2017-12-07 16:52:37'),
	(219, 10031, 10302, '2017-12-07 16:52:37'),
	(220, 10031, 10405, '2017-12-07 16:52:37'),
	(221, 10031, 10502, '2017-12-07 16:52:37'),
	(222, 10031, 10607, '2017-12-07 16:52:37'),
	(223, 10031, 10703, '2017-12-07 16:52:37'),
	(224, 10032, 10103, '2017-12-07 16:52:37'),
	(225, 10032, 10203, '2017-12-07 16:52:37'),
	(226, 10032, 10303, '2017-12-07 16:52:37'),
	(227, 10032, 10404, '2017-12-07 16:52:37'),
	(228, 10032, 10503, '2017-12-07 16:52:37'),
	(229, 10032, 10605, '2017-12-07 16:52:37'),
	(230, 10032, 10703, '2017-12-07 16:52:37'),
	(231, 10033, 10202, '2017-12-07 16:52:37'),
	(232, 10033, 10302, '2017-12-07 16:52:37'),
	(233, 10033, 10408, '2017-12-07 16:52:37'),
	(234, 10033, 10503, '2017-12-07 16:52:37'),
	(235, 10033, 10601, '2017-12-07 16:52:37'),
	(236, 10033, 10803, '2017-12-07 16:52:37'),
	(237, 10034, 10203, '2017-12-07 16:52:37'),
	(238, 10034, 10303, '2017-12-07 16:52:37'),
	(239, 10034, 10408, '2017-12-07 16:52:37'),
	(240, 10034, 10503, '2017-12-07 16:52:37'),
	(241, 10034, 10601, '2017-12-07 16:52:37'),
	(242, 10034, 10704, '2017-12-07 16:52:37'),
	(243, 10035, 10202, '2017-12-07 16:52:37'),
	(244, 10035, 10302, '2017-12-07 16:52:37'),
	(245, 10035, 10408, '2017-12-07 16:52:37'),
	(246, 10035, 10501, '2017-12-07 16:52:37'),
	(247, 10035, 10601, '2017-12-07 16:52:37'),
	(248, 10035, 10702, '2017-12-07 16:52:37'),
	(249, 10036, 10203, '2017-12-07 16:52:37'),
	(250, 10036, 10303, '2017-12-07 16:52:37'),
	(251, 10036, 10408, '2017-12-07 16:52:37'),
	(252, 10036, 10502, '2017-12-07 16:52:37'),
	(253, 10036, 10603, '2017-12-07 16:52:37'),
	(254, 10036, 10702, '2017-12-07 16:52:37'),
	(255, 10037, 10202, '2017-12-07 16:52:37'),
	(256, 10037, 10302, '2017-12-07 16:52:37'),
	(257, 10037, 10408, '2017-12-07 16:52:37'),
	(258, 10037, 10503, '2017-12-07 16:52:37'),
	(259, 10037, 10602, '2017-12-07 16:52:37'),
	(260, 10037, 10805, '2017-12-07 16:52:37'),
	(261, 10038, 10202, '2017-12-07 16:52:37'),
	(262, 10038, 10302, '2017-12-07 16:52:37'),
	(263, 10038, 10408, '2017-12-07 16:52:37'),
	(264, 10038, 10501, '2017-12-07 16:52:37'),
	(265, 10038, 10601, '2017-12-07 16:52:37'),
	(266, 10038, 10803, '2017-12-07 16:52:37'),
	(267, 10039, 10203, '2017-12-07 16:52:37'),
	(268, 10039, 10302, '2017-12-07 16:52:37'),
	(269, 10039, 10408, '2017-12-07 16:52:37'),
	(270, 10039, 10503, '2017-12-07 16:52:37'),
	(271, 10039, 10601, '2017-12-07 16:52:37'),
	(272, 10039, 10704, '2017-12-07 16:52:37'),
	(273, 10040, 10202, '2017-12-07 16:52:37'),
	(274, 10040, 10303, '2017-12-07 16:52:37'),
	(275, 10040, 10408, '2017-12-07 16:52:37'),
	(276, 10040, 10501, '2017-12-07 16:52:37'),
	(277, 10040, 10603, '2017-12-07 16:52:37'),
	(278, 10040, 10702, '2017-12-07 16:52:37'),
	(279, 10041, 10203, '2017-12-07 16:52:37'),
	(280, 10041, 10303, '2017-12-07 16:52:37'),
	(281, 10041, 10404, '2017-12-07 16:52:37'),
	(282, 10041, 10501, '2017-12-07 16:52:37'),
	(283, 10041, 10603, '2017-12-07 16:52:37'),
	(284, 10041, 10702, '2017-12-07 16:52:37'),
	(285, 10042, 10201, '2017-12-07 16:52:37'),
	(286, 10042, 10302, '2017-12-07 16:52:37'),
	(287, 10042, 10408, '2017-12-07 16:52:37'),
	(288, 10042, 10503, '2017-12-07 16:52:37'),
	(289, 10042, 10601, '2017-12-07 16:52:37'),
	(290, 10042, 10801, '2017-12-07 16:52:37'),
	(291, 10043, 10103, '2017-12-07 16:52:37'),
	(292, 10043, 10202, '2017-12-07 16:52:37'),
	(293, 10043, 10303, '2017-12-07 16:52:37'),
	(294, 10043, 10408, '2017-12-07 16:52:37'),
	(295, 10043, 10503, '2017-12-07 16:52:37'),
	(296, 10043, 10601, '2017-12-07 16:52:37'),
	(297, 10043, 10703, '2017-12-07 16:52:37'),
	(298, 10044, 10201, '2017-12-07 16:52:37'),
	(299, 10044, 10302, '2017-12-07 16:52:37'),
	(300, 10044, 10402, '2017-12-07 16:52:37'),
	(301, 10044, 10503, '2017-12-07 16:52:37'),
	(302, 10044, 10601, '2017-12-07 16:52:37'),
	(303, 10044, 10804, '2017-12-07 16:52:37'),
	(304, 10045, 10201, '2017-12-07 16:52:37'),
	(305, 10045, 10303, '2017-12-07 16:52:37'),
	(306, 10045, 10408, '2017-12-07 16:52:37'),
	(307, 10045, 10503, '2017-12-07 16:52:37'),
	(308, 10045, 10601, '2017-12-07 16:52:37'),
	(309, 10045, 10701, '2017-12-07 16:52:37'),
	(310, 10046, 10203, '2017-12-07 16:52:37'),
	(311, 10046, 10303, '2017-12-07 16:52:37'),
	(312, 10046, 10408, '2017-12-07 16:52:37'),
	(313, 10046, 10503, '2017-12-07 16:52:37'),
	(314, 10046, 10601, '2017-12-07 16:52:37'),
	(315, 10046, 10704, '2017-12-07 16:52:37'),
	(316, 10047, 10203, '2017-12-07 16:52:37'),
	(317, 10047, 10303, '2017-12-07 16:52:37'),
	(318, 10047, 10408, '2017-12-07 16:52:37'),
	(319, 10047, 10502, '2017-12-07 16:52:37'),
	(320, 10047, 10601, '2017-12-07 16:52:37'),
	(321, 10047, 10704, '2017-12-07 16:52:37'),
	(322, 10048, 10203, '2017-12-07 16:52:37'),
	(323, 10048, 10303, '2017-12-07 16:52:37'),
	(324, 10048, 10408, '2017-12-07 16:52:37'),
	(325, 10048, 10503, '2017-12-07 16:52:37'),
	(326, 10048, 10601, '2017-12-07 16:52:37'),
	(327, 10048, 10703, '2017-12-07 16:52:37'),
	(328, 10049, 10203, '2017-12-07 16:52:37'),
	(329, 10049, 10303, '2017-12-07 16:52:37'),
	(330, 10049, 10408, '2017-12-07 16:52:37'),
	(331, 10049, 10502, '2017-12-07 16:52:37'),
	(332, 10049, 10601, '2017-12-07 16:52:37'),
	(333, 10049, 10703, '2017-12-07 16:52:37'),
	(334, 10050, 10203, '2017-12-07 16:52:37'),
	(335, 10050, 10303, '2017-12-07 16:52:37'),
	(336, 10050, 10408, '2017-12-07 16:52:37'),
	(337, 10050, 10502, '2017-12-07 16:52:37'),
	(338, 10050, 10601, '2017-12-07 16:52:37'),
	(339, 10050, 10703, '2017-12-07 16:52:37'),
	(340, 10051, 10202, '2017-12-07 16:52:37'),
	(341, 10051, 10302, '2017-12-07 16:52:37'),
	(342, 10051, 10408, '2017-12-07 16:52:37'),
	(343, 10051, 10503, '2017-12-07 16:52:37'),
	(344, 10051, 10804, '2017-12-07 16:52:37'),
	(345, 10052, 10203, '2017-12-07 16:52:37'),
	(346, 10052, 10303, '2017-12-07 16:52:37'),
	(347, 10052, 10408, '2017-12-07 16:52:37'),
	(348, 10052, 10503, '2017-12-07 16:52:37'),
	(349, 10052, 10701, '2017-12-07 16:52:37'),
	(350, 10053, 10203, '2017-12-07 16:52:37'),
	(351, 10053, 10302, '2017-12-07 16:52:37'),
	(352, 10053, 10408, '2017-12-07 16:52:37'),
	(353, 10053, 10502, '2017-12-07 16:52:37'),
	(354, 10053, 10704, '2017-12-07 16:52:37'),
	(355, 10054, 10203, '2017-12-07 16:52:37'),
	(356, 10054, 10303, '2017-12-07 16:52:37'),
	(357, 10054, 10404, '2017-12-07 16:52:37'),
	(358, 10054, 10501, '2017-12-07 16:52:37'),
	(359, 10054, 10701, '2017-12-07 16:52:37'),
	(360, 10055, 10203, '2017-12-07 16:52:37'),
	(361, 10055, 10302, '2017-12-07 16:52:37'),
	(362, 10055, 10408, '2017-12-07 16:52:37'),
	(363, 10055, 10503, '2017-12-07 16:52:37'),
	(364, 10055, 10603, '2017-12-07 16:52:37'),
	(365, 10055, 10805, '2017-12-07 16:52:37'),
	(366, 10055, 10605, '2017-12-07 16:52:37'),
	(367, 10056, 10203, '2017-12-07 16:52:37'),
	(368, 10056, 10302, '2017-12-07 16:52:37'),
	(369, 10056, 10408, '2017-12-07 16:52:37'),
	(370, 10056, 10502, '2017-12-07 16:52:37'),
	(371, 10056, 10601, '2017-12-07 16:52:37'),
	(372, 10056, 10704, '2017-12-07 16:52:37'),
	(373, 10056, 10602, '2017-12-07 16:52:37'),
	(374, 10057, 10104, '2017-12-07 16:52:37'),
	(375, 10057, 10201, '2017-12-07 16:52:37'),
	(376, 10057, 10303, '2017-12-07 16:52:37'),
	(377, 10057, 10408, '2017-12-07 16:52:37'),
	(378, 10057, 10503, '2017-12-07 16:52:37'),
	(379, 10057, 10601, '2017-12-07 16:52:37'),
	(380, 10057, 10702, '2017-12-07 16:52:37'),
	(381, 10057, 10605, '2017-12-07 16:52:37'),
	(382, 10058, 10203, '2017-12-07 16:52:37'),
	(383, 10058, 10303, '2017-12-07 16:52:37'),
	(384, 10058, 10408, '2017-12-07 16:52:37'),
	(385, 10058, 10503, '2017-12-07 16:52:37'),
	(386, 10058, 10603, '2017-12-07 16:52:37'),
	(387, 10058, 10703, '2017-12-07 16:52:37'),
	(388, 10059, 10201, '2017-12-07 16:52:37'),
	(389, 10059, 10302, '2017-12-07 16:52:37'),
	(390, 10059, 10408, '2017-12-07 16:52:37'),
	(391, 10059, 10503, '2017-12-07 16:52:37'),
	(392, 10059, 10603, '2017-12-07 16:52:37'),
	(393, 10059, 10801, '2017-12-07 16:52:37'),
	(394, 10060, 10202, '2017-12-07 16:52:37'),
	(395, 10060, 10303, '2017-12-07 16:52:37'),
	(396, 10060, 10408, '2017-12-07 16:52:37'),
	(397, 10060, 10502, '2017-12-07 16:52:37'),
	(398, 10060, 10601, '2017-12-07 16:52:37'),
	(399, 10060, 10704, '2017-12-07 16:52:37'),
	(400, 10060, 10607, '2017-12-07 16:52:37'),
	(401, 10060, 10604, '2017-12-07 16:52:37'),
	(402, 10061, 10104, '2017-12-07 16:52:37'),
	(403, 10061, 10202, '2017-12-07 16:52:37'),
	(404, 10061, 10303, '2017-12-07 16:52:37'),
	(405, 10061, 10408, '2017-12-07 16:52:37'),
	(406, 10061, 10503, '2017-12-07 16:52:37'),
	(407, 10061, 10601, '2017-12-07 16:52:37'),
	(408, 10061, 10702, '2017-12-07 16:52:37'),
	(409, 10061, 10603, '2017-12-07 16:52:37'),
	(410, 10062, 10201, '2017-12-07 16:52:37'),
	(411, 10062, 10302, '2017-12-07 16:52:37'),
	(412, 10062, 10408, '2017-12-07 16:52:37'),
	(413, 10062, 10503, '2017-12-07 16:52:37'),
	(414, 10062, 10601, '2017-12-07 16:52:37'),
	(415, 10062, 10703, '2017-12-07 16:52:37'),
	(416, 10062, 10604, '2017-12-07 16:52:37'),
	(417, 10063, 10203, '2017-12-07 16:52:37'),
	(418, 10063, 10303, '2017-12-07 16:52:37'),
	(419, 10063, 10403, '2017-12-07 16:52:37'),
	(420, 10063, 10502, '2017-12-07 16:52:37'),
	(421, 10063, 10603, '2017-12-07 16:52:37'),
	(422, 10063, 10703, '2017-12-07 16:52:37'),
	(423, 10064, 10203, '2017-12-07 16:52:37'),
	(424, 10064, 10303, '2017-12-07 16:52:37'),
	(425, 10064, 10408, '2017-12-07 16:52:37'),
	(426, 10064, 10502, '2017-12-07 16:52:37'),
	(427, 10064, 10603, '2017-12-07 16:52:37'),
	(428, 10064, 10702, '2017-12-07 16:52:37'),
	(429, 10065, 10203, '2017-12-07 16:52:37'),
	(430, 10065, 10303, '2017-12-07 16:52:37'),
	(431, 10065, 10408, '2017-12-07 16:52:37'),
	(432, 10065, 10408, '2017-12-07 16:52:37'),
	(433, 10065, 10601, '2017-12-07 16:52:37'),
	(434, 10065, 10704, '2017-12-07 16:52:37'),
	(435, 10066, 10201, '2017-12-07 16:52:37'),
	(436, 10066, 10303, '2017-12-07 16:52:37'),
	(437, 10066, 10404, '2017-12-07 16:52:37'),
	(438, 10066, 10503, '2017-12-07 16:52:37'),
	(439, 10066, 10607, '2017-12-07 16:52:37'),
	(440, 10066, 10703, '2017-12-07 16:52:37'),
	(441, 10067, 10202, '2017-12-07 16:52:37'),
	(442, 10067, 10303, '2017-12-07 16:52:37'),
	(443, 10067, 10405, '2017-12-07 16:52:37'),
	(444, 10067, 10503, '2017-12-07 16:52:37'),
	(445, 10067, 10603, '2017-12-07 16:52:37'),
	(446, 10067, 10702, '2017-12-07 16:52:37'),
	(447, 10067, 10605, '2017-12-07 16:52:37'),
	(448, 10068, 10202, '2017-12-07 16:52:37'),
	(449, 10068, 10303, '2017-12-07 16:52:37'),
	(450, 10068, 10402, '2017-12-07 16:52:37'),
	(451, 10068, 10502, '2017-12-07 16:52:37'),
	(452, 10068, 10603, '2017-12-07 16:52:37'),
	(453, 10068, 10704, '2017-12-07 16:52:37'),
	(454, 10068, 10605, '2017-12-07 16:52:37'),
	(455, 10069, 10202, '2017-12-07 16:52:37'),
	(456, 10069, 10302, '2017-12-07 16:52:37'),
	(457, 10069, 10406, '2017-12-07 16:52:37'),
	(458, 10069, 10501, '2017-12-07 16:52:37'),
	(459, 10069, 10603, '2017-12-07 16:52:37'),
	(460, 10069, 10702, '2017-12-07 16:52:37'),
	(461, 10069, 10605, '2017-12-07 16:52:37'),
	(462, 10070, 10203, '2017-12-07 16:52:37'),
	(463, 10070, 10303, '2017-12-07 16:52:37'),
	(464, 10070, 10408, '2017-12-07 16:52:37'),
	(465, 10070, 10503, '2017-12-07 16:52:37'),
	(466, 10070, 10601, '2017-12-07 16:52:37'),
	(467, 10070, 10702, '2017-12-07 16:52:37'),
	(468, 10070, 10605, '2017-12-07 16:52:37'),
	(469, 10071, 10103, '2017-12-07 16:52:37'),
	(470, 10071, 10202, '2017-12-07 16:52:37'),
	(471, 10071, 10302, '2017-12-07 16:52:37'),
	(472, 10071, 10406, '2017-12-07 16:52:37'),
	(473, 10071, 10503, '2017-12-07 16:52:37'),
	(474, 10071, 10601, '2017-12-07 16:52:37'),
	(475, 10071, 10702, '2017-12-07 16:52:37'),
	(476, 10071, 10604, '2017-12-07 16:52:37'),
	(477, 10072, 10104, '2017-12-07 16:52:37'),
	(478, 10072, 10203, '2017-12-07 16:52:37'),
	(479, 10072, 10303, '2017-12-07 16:52:37'),
	(480, 10072, 10408, '2017-12-07 16:52:37'),
	(481, 10072, 10502, '2017-12-07 16:52:37'),
	(482, 10072, 10601, '2017-12-07 16:52:37'),
	(483, 10072, 10702, '2017-12-07 16:52:37'),
	(484, 10072, 10604, '2017-12-07 16:52:37'),
	(485, 10073, 10104, '2017-12-07 16:52:37'),
	(486, 10073, 10202, '2017-12-07 16:52:37'),
	(487, 10073, 10302, '2017-12-07 16:52:37'),
	(488, 10073, 10401, '2017-12-07 16:52:37'),
	(489, 10073, 10502, '2017-12-07 16:52:37'),
	(490, 10073, 10603, '2017-12-07 16:52:37'),
	(491, 10073, 10805, '2017-12-07 16:52:37'),
	(492, 10073, 10202, '2017-12-07 16:52:37'),
	(493, 10073, 10303, '2017-12-07 16:52:37'),
	(494, 10073, 10407, '2017-12-07 16:52:37'),
	(495, 10073, 10502, '2017-12-07 16:52:37'),
	(496, 10073, 10605, '2017-12-07 16:52:37'),
	(497, 10074, 10103, '2017-12-07 16:52:37'),
	(498, 10074, 10201, '2017-12-07 16:52:37'),
	(499, 10074, 10303, '2017-12-07 16:52:37'),
	(500, 10074, 10408, '2017-12-07 16:52:37'),
	(501, 10074, 10503, '2017-12-07 16:52:37'),
	(502, 10074, 10601, '2017-12-07 16:52:37'),
	(503, 10074, 10807, '2017-12-07 16:52:37'),
	(504, 10075, 10102, '2017-12-07 16:52:37'),
	(505, 10075, 10203, '2017-12-07 16:52:37'),
	(506, 10075, 10302, '2017-12-07 16:52:37'),
	(507, 10075, 10408, '2017-12-07 16:52:37'),
	(508, 10075, 10503, '2017-12-07 16:52:37'),
	(509, 10075, 10603, '2017-12-07 16:52:37'),
	(510, 10075, 10702, '2017-12-07 16:52:37'),
	(511, 10076, 10202, '2017-12-07 16:52:37'),
	(512, 10076, 10302, '2017-12-07 16:52:37'),
	(513, 10076, 10404, '2017-12-07 16:52:37'),
	(514, 10076, 10501, '2017-12-07 16:52:37'),
	(515, 10076, 10605, '2017-12-07 16:52:37'),
	(516, 10076, 10701, '2017-12-07 16:52:37'),
	(517, 10077, 10203, '2017-12-07 16:52:37'),
	(518, 10077, 10303, '2017-12-07 16:52:37'),
	(519, 10077, 10408, '2017-12-07 16:52:37'),
	(520, 10077, 10503, '2017-12-07 16:52:37'),
	(521, 10077, 10602, '2017-12-07 16:52:37'),
	(522, 10077, 10704, '2017-12-07 16:52:37'),
	(523, 10078, 10103, '2017-12-07 16:52:37'),
	(524, 10078, 10203, '2017-12-07 16:52:37'),
	(525, 10078, 10303, '2017-12-07 16:52:37'),
	(526, 10078, 10401, '2017-12-07 16:52:37'),
	(527, 10078, 10503, '2017-12-07 16:52:37'),
	(528, 10078, 10605, '2017-12-07 16:52:37'),
	(529, 10078, 10805, '2017-12-07 16:52:37'),
	(530, 10079, 10103, '2017-12-07 16:52:37'),
	(531, 10079, 10203, '2017-12-07 16:52:37'),
	(532, 10079, 10303, '2017-12-07 16:52:37'),
	(533, 10079, 10408, '2017-12-07 16:52:37'),
	(534, 10079, 10502, '2017-12-07 16:52:37'),
	(535, 10079, 10601, '2017-12-07 16:52:37'),
	(536, 10079, 10702, '2017-12-07 16:52:37'),
	(537, 10079, 10604, '2017-12-07 16:52:37'),
	(538, 10080, 10201, '2017-12-07 16:52:37'),
	(539, 10080, 10303, '2017-12-07 16:52:37'),
	(540, 10080, 10408, '2017-12-07 16:52:37'),
	(541, 10080, 10503, '2017-12-07 16:52:37'),
	(542, 10080, 10601, '2017-12-07 16:52:37'),
	(543, 10080, 10701, '2017-12-07 16:52:37'),
	(544, 10081, 10104, '2017-12-07 16:52:37'),
	(545, 10081, 10202, '2017-12-07 16:52:37'),
	(546, 10081, 10302, '2017-12-07 16:52:37'),
	(547, 10081, 10405, '2017-12-07 16:52:37'),
	(548, 10081, 10503, '2017-12-07 16:52:37'),
	(549, 10081, 10603, '2017-12-07 16:52:37'),
	(550, 10081, 10702, '2017-12-07 16:52:37'),
	(551, 10082, 10203, '2017-12-07 16:52:37'),
	(552, 10082, 10302, '2017-12-07 16:52:37'),
	(553, 10082, 10405, '2017-12-07 16:52:37'),
	(554, 10082, 10502, '2017-12-07 16:52:37'),
	(555, 10082, 10605, '2017-12-07 16:52:37'),
	(556, 10082, 10701, '2017-12-07 16:52:37'),
	(557, 10083, 10202, '2017-12-07 16:52:37'),
	(558, 10083, 10303, '2017-12-07 16:52:37'),
	(559, 10083, 10408, '2017-12-07 16:52:37'),
	(560, 10083, 10503, '2017-12-07 16:52:37'),
	(561, 10083, 10601, '2017-12-07 16:52:37'),
	(562, 10083, 10704, '2017-12-07 16:52:37'),
	(563, 10083, 10604, '2017-12-07 16:52:37'),
	(564, 10084, 10203, '2017-12-07 16:52:37'),
	(565, 10084, 10302, '2017-12-07 16:52:37'),
	(566, 10084, 10408, '2017-12-07 16:52:37'),
	(567, 10084, 10503, '2017-12-07 16:52:37'),
	(568, 10084, 10605, '2017-12-07 16:52:37'),
	(569, 10084, 10805, '2017-12-07 16:52:37'),
	(570, 10085, 10203, '2017-12-07 16:52:37'),
	(571, 10085, 10303, '2017-12-07 16:52:37'),
	(572, 10085, 10408, '2017-12-07 16:52:37'),
	(573, 10085, 10502, '2017-12-07 16:52:37'),
	(574, 10085, 10603, '2017-12-07 16:52:37'),
	(575, 10085, 10703, '2017-12-07 16:52:37'),
	(576, 10086, 10202, '2017-12-07 16:52:37'),
	(577, 10086, 10303, '2017-12-07 16:52:37'),
	(578, 10086, 10404, '2017-12-07 16:52:37'),
	(579, 10086, 10503, '2017-12-07 16:52:37'),
	(580, 10086, 10605, '2017-12-07 16:52:37'),
	(581, 10086, 10701, '2017-12-07 16:52:37'),
	(582, 10087, 10103, '2017-12-07 16:52:37'),
	(583, 10087, 10202, '2017-12-07 16:52:37'),
	(584, 10087, 10303, '2017-12-07 16:52:37'),
	(585, 10087, 10408, '2017-12-07 16:52:37'),
	(586, 10087, 10503, '2017-12-07 16:52:37'),
	(587, 10087, 10607, '2017-12-07 16:52:37'),
	(588, 10087, 10702, '2017-12-07 16:52:37'),
	(589, 10087, 10604, '2017-12-07 16:52:37'),
	(590, 10088, 10201, '2017-12-07 16:52:37'),
	(591, 10088, 10302, '2017-12-07 16:52:37'),
	(592, 10088, 10408, '2017-12-07 16:52:37'),
	(593, 10088, 10503, '2017-12-07 16:52:37'),
	(594, 10088, 10601, '2017-12-07 16:52:37'),
	(595, 10088, 10801, '2017-12-07 16:52:37'),
	(596, 10088, 10604, '2017-12-07 16:52:37'),
	(597, 10089, 10202, '2017-12-07 16:52:37'),
	(598, 10089, 10303, '2017-12-07 16:52:37'),
	(599, 10089, 10408, '2017-12-07 16:52:37'),
	(600, 10089, 10501, '2017-12-07 16:52:37'),
	(601, 10089, 10605, '2017-12-07 16:52:37'),
	(602, 10089, 10702, '2017-12-07 16:52:37'),
	(603, 10089, 10603, '2017-12-07 16:52:37'),
	(604, 10090, 10203, '2017-12-07 16:52:37'),
	(605, 10090, 10302, '2017-12-07 16:52:37'),
	(606, 10090, 10405, '2017-12-07 16:52:37'),
	(607, 10090, 10502, '2017-12-07 16:52:37'),
	(608, 10090, 10605, '2017-12-07 16:52:37'),
	(609, 10090, 10703, '2017-12-07 16:52:37'),
	(610, 10091, 10202, '2017-12-07 16:52:37'),
	(611, 10091, 10302, '2017-12-07 16:52:37'),
	(612, 10091, 10408, '2017-12-07 16:52:37'),
	(613, 10091, 10503, '2017-12-07 16:52:37'),
	(614, 10091, 10601, '2017-12-07 16:52:37'),
	(615, 10091, 10804, '2017-12-07 16:52:37'),
	(616, 10092, 10104, '2017-12-07 16:52:37'),
	(617, 10092, 10202, '2017-12-07 16:52:37'),
	(618, 10092, 10302, '2017-12-07 16:52:37'),
	(619, 10092, 10405, '2017-12-07 16:52:37'),
	(620, 10092, 10503, '2017-12-07 16:52:37'),
	(621, 10092, 10603, '2017-12-07 16:52:37'),
	(622, 10092, 10702, '2017-12-07 16:52:37'),
	(623, 10093, 10201, '2017-12-07 16:52:37'),
	(624, 10093, 10302, '2017-12-07 16:52:37'),
	(625, 10093, 10401, '2017-12-07 16:52:37'),
	(626, 10093, 10501, '2017-12-07 16:52:37'),
	(627, 10093, 10601, '2017-12-07 16:52:37'),
	(628, 10093, 10806, '2017-12-07 16:52:37'),
	(629, 10093, 10604, '2017-12-07 16:52:37'),
	(630, 10094, 10203, '2017-12-07 16:52:37'),
	(631, 10094, 10303, '2017-12-07 16:52:37'),
	(632, 10094, 10404, '2017-12-07 16:52:37'),
	(633, 10094, 10503, '2017-12-07 16:52:37'),
	(634, 10094, 10605, '2017-12-07 16:52:37'),
	(635, 10094, 10703, '2017-12-07 16:52:37'),
	(636, 10095, 10103, '2017-12-07 16:52:37'),
	(637, 10095, 10202, '2017-12-07 16:52:37'),
	(638, 10095, 10303, '2017-12-07 16:52:37'),
	(639, 10095, 10408, '2017-12-07 16:52:37'),
	(640, 10095, 10503, '2017-12-07 16:52:37'),
	(641, 10095, 10601, '2017-12-07 16:52:37'),
	(642, 10095, 10702, '2017-12-07 16:52:37'),
	(643, 10096, 10202, '2017-12-07 16:52:37'),
	(644, 10096, 10303, '2017-12-07 16:52:37'),
	(645, 10096, 10404, '2017-12-07 16:52:37'),
	(646, 10096, 10503, '2017-12-07 16:52:37'),
	(647, 10096, 10605, '2017-12-07 16:52:37'),
	(648, 10096, 10702, '2017-12-07 16:52:37'),
	(649, 10097, 10202, '2017-12-07 16:52:37'),
	(650, 10097, 10303, '2017-12-07 16:52:37'),
	(651, 10097, 10408, '2017-12-07 16:52:37'),
	(652, 10097, 10503, '2017-12-07 16:52:37'),
	(653, 10097, 10602, '2017-12-07 16:52:37'),
	(654, 10097, 10702, '2017-12-07 16:52:37'),
	(655, 10098, 10203, '2017-12-07 16:52:37'),
	(656, 10098, 10303, '2017-12-07 16:52:37'),
	(657, 10098, 10408, '2017-12-07 16:52:37'),
	(658, 10098, 10503, '2017-12-07 16:52:37'),
	(659, 10098, 10601, '2017-12-07 16:52:37'),
	(660, 10098, 10703, '2017-12-07 16:52:37'),
	(661, 10098, 10604, '2017-12-07 16:52:37'),
	(662, 10099, 10202, '2017-12-07 16:52:37'),
	(663, 10099, 10303, '2017-12-07 16:52:37'),
	(664, 10099, 10404, '2017-12-07 16:52:37'),
	(665, 10099, 10501, '2017-12-07 16:52:37'),
	(666, 10099, 10601, '2017-12-07 16:52:37'),
	(667, 10099, 10805, '2017-12-07 16:52:37'),
	(668, 10099, 10605, '2017-12-07 16:52:37'),
	(669, 10100, 10104, '2017-12-07 16:52:37'),
	(670, 10100, 10202, '2017-12-07 16:52:37'),
	(671, 10100, 10303, '2017-12-07 16:52:37'),
	(672, 10100, 10404, '2017-12-07 16:52:37'),
	(673, 10100, 10503, '2017-12-07 16:52:37'),
	(674, 10100, 10607, '2017-12-07 16:52:37'),
	(675, 10100, 10805, '2017-12-07 16:52:37'),
	(676, 10101, 10202, '2017-12-07 16:52:37'),
	(677, 10101, 10303, '2017-12-07 16:52:37'),
	(678, 10101, 10408, '2017-12-07 16:52:37'),
	(679, 10101, 10503, '2017-12-07 16:52:37'),
	(680, 10101, 10601, '2017-12-07 16:52:37'),
	(681, 10101, 10807, '2017-12-07 16:52:37'),
	(682, 10102, 10203, '2017-12-07 16:52:37'),
	(683, 10102, 10303, '2017-12-07 16:52:37'),
	(684, 10102, 10408, '2017-12-07 16:52:37'),
	(685, 10102, 10503, '2017-12-07 16:52:37'),
	(686, 10102, 10603, '2017-12-07 16:52:37'),
	(687, 10102, 10703, '2017-12-07 16:52:37'),
	(688, 10103, 10203, '2017-12-07 16:52:37'),
	(689, 10103, 10303, '2017-12-07 16:52:37'),
	(690, 10103, 10403, '2017-12-07 16:52:37'),
	(691, 10103, 10503, '2017-12-07 16:52:37'),
	(692, 10103, 10605, '2017-12-07 16:52:37'),
	(693, 10103, 10701, '2017-12-07 16:52:37'),
	(694, 10103, 10603, '2017-12-07 16:52:37'),
	(695, 10104, 10104, '2017-12-07 16:52:37'),
	(696, 10104, 10203, '2017-12-07 16:52:37'),
	(697, 10104, 10303, '2017-12-07 16:52:37'),
	(698, 10104, 10404, '2017-12-07 16:52:37'),
	(699, 10104, 10502, '2017-12-07 16:52:37'),
	(700, 10104, 10605, '2017-12-07 16:52:37'),
	(701, 10104, 10702, '2017-12-07 16:52:37'),
	(702, 10105, 10104, '2017-12-07 16:52:37'),
	(703, 10105, 10202, '2017-12-07 16:52:37'),
	(704, 10105, 10302, '2017-12-07 16:52:37'),
	(705, 10105, 10408, '2017-12-07 16:52:37'),
	(706, 10105, 10503, '2017-12-07 16:52:37'),
	(707, 10105, 10603, '2017-12-07 16:52:37'),
	(708, 10105, 10702, '2017-12-07 16:52:37'),
	(709, 10106, 10202, '2017-12-07 16:52:37'),
	(710, 10106, 10302, '2017-12-07 16:52:37'),
	(711, 10106, 10408, '2017-12-07 16:52:37'),
	(712, 10106, 10503, '2017-12-07 16:52:37'),
	(713, 10106, 10601, '2017-12-07 16:52:37'),
	(714, 10106, 10704, '2017-12-07 16:52:37'),
	(715, 10106, 10604, '2017-12-07 16:52:37'),
	(716, 10107, 10202, '2017-12-07 16:52:37'),
	(717, 10107, 10302, '2017-12-07 16:52:37'),
	(718, 10107, 10408, '2017-12-07 16:52:37'),
	(719, 10107, 10503, '2017-12-07 16:52:37'),
	(720, 10107, 10601, '2017-12-07 16:52:37'),
	(721, 10107, 10704, '2017-12-07 16:52:37'),
	(722, 10108, 10103, '2017-12-07 16:52:37'),
	(723, 10108, 10202, '2017-12-07 16:52:37'),
	(724, 10108, 10303, '2017-12-07 16:52:37'),
	(725, 10108, 10408, '2017-12-07 16:52:37'),
	(726, 10108, 10503, '2017-12-07 16:52:37'),
	(727, 10108, 10601, '2017-12-07 16:52:37'),
	(728, 10108, 10702, '2017-12-07 16:52:37'),
	(729, 10108, 10604, '2017-12-07 16:52:37'),
	(730, 10109, 10104, '2017-12-07 16:52:37'),
	(731, 10109, 10202, '2017-12-07 16:52:37'),
	(732, 10109, 10303, '2017-12-07 16:52:37'),
	(733, 10109, 10408, '2017-12-07 16:52:37'),
	(734, 10109, 10503, '2017-12-07 16:52:37'),
	(735, 10109, 10603, '2017-12-07 16:52:37'),
	(736, 10109, 10702, '2017-12-07 16:52:37'),
	(737, 10109, 10605, '2017-12-07 16:52:37'),
	(738, 10110, 10202, '2017-12-07 16:52:37'),
	(739, 10110, 10302, '2017-12-07 16:52:37'),
	(740, 10110, 10403, '2017-12-07 16:52:37'),
	(741, 10110, 10501, '2017-12-07 16:52:37'),
	(742, 10110, 10601, '2017-12-07 16:52:37'),
	(743, 10110, 10806, '2017-12-07 16:52:37'),
	(744, 10111, 10202, '2017-12-07 16:52:37'),
	(745, 10111, 10303, '2017-12-07 16:52:37'),
	(746, 10111, 10404, '2017-12-07 16:52:37'),
	(747, 10111, 10503, '2017-12-07 16:52:37'),
	(748, 10111, 10605, '2017-12-07 16:52:37'),
	(749, 10111, 10702, '2017-12-07 16:52:37'),
	(750, 10112, 10203, '2017-12-07 16:52:37'),
	(751, 10112, 10302, '2017-12-07 16:52:37'),
	(752, 10112, 10401, '2017-12-07 16:52:37'),
	(753, 10112, 10503, '2017-12-07 16:52:37'),
	(754, 10112, 10603, '2017-12-07 16:52:37'),
	(755, 10112, 10704, '2017-12-07 16:52:37'),
	(756, 10112, 10605, '2017-12-07 16:52:37'),
	(757, 10113, 10104, '2017-12-07 16:52:37'),
	(758, 10113, 10203, '2017-12-07 16:52:37'),
	(759, 10113, 10303, '2017-12-07 16:52:37'),
	(760, 10113, 10408, '2017-12-07 16:52:37'),
	(761, 10113, 10501, '2017-12-07 16:52:37'),
	(762, 10113, 10601, '2017-12-07 16:52:37'),
	(763, 10113, 10702, '2017-12-07 16:52:37'),
	(764, 10113, 10605, '2017-12-07 16:52:37'),
	(765, 10114, 10203, '2017-12-07 16:52:37'),
	(766, 10114, 10303, '2017-12-07 16:52:37'),
	(767, 10114, 10404, '2017-12-07 16:52:37'),
	(768, 10114, 10501, '2017-12-07 16:52:37'),
	(769, 10114, 10605, '2017-12-07 16:52:37'),
	(770, 10114, 10703, '2017-12-07 16:52:37'),
	(771, 10115, 10203, '2017-12-07 16:52:37'),
	(772, 10115, 10303, '2017-12-07 16:52:37'),
	(773, 10115, 10408, '2017-12-07 16:52:37'),
	(774, 10115, 10501, '2017-12-07 16:52:37'),
	(775, 10115, 10601, '2017-12-07 16:52:37'),
	(776, 10115, 10703, '2017-12-07 16:52:37'),
	(777, 10116, 10202, '2017-12-07 16:52:37'),
	(778, 10116, 10303, '2017-12-07 16:52:37'),
	(779, 10116, 10403, '2017-12-07 16:52:37'),
	(780, 10116, 10502, '2017-12-07 16:52:37'),
	(781, 10116, 10602, '2017-12-07 16:52:37'),
	(782, 10116, 10703, '2017-12-07 16:52:37'),
	(783, 10117, 10203, '2017-12-07 16:52:37'),
	(784, 10117, 10303, '2017-12-07 16:52:37'),
	(785, 10117, 10408, '2017-12-07 16:52:37'),
	(786, 10117, 10501, '2017-12-07 16:52:37'),
	(787, 10117, 10601, '2017-12-07 16:52:37'),
	(788, 10117, 10704, '2017-12-07 16:52:37'),
	(789, 10117, 10604, '2017-12-07 16:52:37'),
	(790, 10118, 10104, '2017-12-07 16:52:37'),
	(791, 10118, 10202, '2017-12-07 16:52:37'),
	(792, 10118, 10303, '2017-12-07 16:52:37'),
	(793, 10118, 10408, '2017-12-07 16:52:37'),
	(794, 10118, 10502, '2017-12-07 16:52:37'),
	(795, 10118, 10603, '2017-12-07 16:52:37'),
	(796, 10118, 10702, '2017-12-07 16:52:37'),
	(797, 10119, 10202, '2017-12-07 16:52:37'),
	(798, 10119, 10302, '2017-12-07 16:52:37'),
	(799, 10119, 10408, '2017-12-07 16:52:37'),
	(800, 10119, 10503, '2017-12-07 16:52:37'),
	(801, 10119, 10603, '2017-12-07 16:52:37'),
	(802, 10119, 10701, '2017-12-07 16:52:37'),
	(803, 10120, 10202, '2017-12-07 16:52:37'),
	(804, 10120, 10303, '2017-12-07 16:52:37'),
	(805, 10120, 10404, '2017-12-07 16:52:37'),
	(806, 10120, 10501, '2017-12-07 16:52:37'),
	(807, 10120, 10605, '2017-12-07 16:52:37'),
	(808, 10120, 10702, '2017-12-07 16:52:37'),
	(809, 10121, 10202, '2017-12-07 16:52:37'),
	(810, 10121, 10302, '2017-12-07 16:52:37'),
	(811, 10121, 10405, '2017-12-07 16:52:37'),
	(812, 10121, 10501, '2017-12-07 16:52:37'),
	(813, 10121, 10605, '2017-12-07 16:52:37'),
	(814, 10121, 10805, '2017-12-07 16:52:37'),
	(815, 10122, 10202, '2017-12-07 16:52:37'),
	(816, 10122, 10303, '2017-12-07 16:52:37'),
	(817, 10122, 10408, '2017-12-07 16:52:37'),
	(818, 10122, 10503, '2017-12-07 16:52:37'),
	(819, 10122, 10601, '2017-12-07 16:52:37'),
	(820, 10122, 10703, '2017-12-07 16:52:37'),
	(821, 10123, 10202, '2017-12-07 16:52:37'),
	(822, 10123, 10303, '2017-12-07 16:52:37'),
	(823, 10123, 10408, '2017-12-07 16:52:37'),
	(824, 10123, 10503, '2017-12-07 16:52:37'),
	(825, 10123, 10602, '2017-12-07 16:52:37'),
	(826, 10123, 10703, '2017-12-07 16:52:37'),
	(827, 10124, 10202, '2017-12-07 16:52:37'),
	(828, 10124, 10303, '2017-12-07 16:52:37'),
	(829, 10124, 10408, '2017-12-07 16:52:37'),
	(830, 10124, 10503, '2017-12-07 16:52:37'),
	(831, 10124, 10603, '2017-12-07 16:52:37'),
	(832, 10124, 10702, '2017-12-07 16:52:37'),
	(833, 10125, 10202, '2017-12-07 16:52:37'),
	(834, 10125, 10302, '2017-12-07 16:52:37'),
	(835, 10125, 10404, '2017-12-07 16:52:37'),
	(836, 10125, 10502, '2017-12-07 16:52:37'),
	(837, 10125, 10606, '2017-12-07 16:52:37'),
	(838, 10125, 10805, '2017-12-07 16:52:37'),
	(839, 10126, 10203, '2017-12-07 16:52:37'),
	(840, 10126, 10303, '2017-12-07 16:52:37'),
	(841, 10126, 10404, '2017-12-07 16:52:37'),
	(842, 10126, 10501, '2017-12-07 16:52:37'),
	(843, 10126, 10605, '2017-12-07 16:52:37'),
	(844, 10126, 10703, '2017-12-07 16:52:37'),
	(845, 10127, 10202, '2017-12-07 16:52:37'),
	(846, 10127, 10303, '2017-12-07 16:52:37'),
	(847, 10127, 10404, '2017-12-07 16:52:37'),
	(848, 10127, 10503, '2017-12-07 16:52:37'),
	(849, 10127, 10602, '2017-12-07 16:52:37'),
	(850, 10127, 10805, '2017-12-07 16:52:37'),
	(851, 10128, 10202, '2017-12-07 16:52:37'),
	(852, 10128, 10302, '2017-12-07 16:52:37'),
	(853, 10128, 10404, '2017-12-07 16:52:37'),
	(854, 10128, 10503, '2017-12-07 16:52:37'),
	(855, 10128, 10603, '2017-12-07 16:52:37'),
	(856, 10128, 10702, '2017-12-07 16:52:37'),
	(857, 10129, 10202, '2017-12-07 16:52:37'),
	(858, 10129, 10303, '2017-12-07 16:52:37'),
	(859, 10129, 10407, '2017-12-07 16:52:37'),
	(860, 10129, 10501, '2017-12-07 16:52:37'),
	(861, 10129, 10601, '2017-12-07 16:52:37'),
	(862, 10129, 10704, '2017-12-07 16:52:37'),
	(863, 10129, 10604, '2017-12-07 16:52:37'),
	(864, 10130, 10102, '2017-12-07 16:52:37'),
	(865, 10130, 10202, '2017-12-07 16:52:37'),
	(866, 10130, 10303, '2017-12-07 16:52:37'),
	(867, 10130, 10402, '2017-12-07 16:52:37'),
	(868, 10130, 10501, '2017-12-07 16:52:37'),
	(869, 10130, 10602, '2017-12-07 16:52:37'),
	(870, 10130, 10807, '2017-12-07 16:52:37'),
	(871, 10130, 10601, '2017-12-07 16:52:37'),
	(872, 10131, 10202, '2017-12-07 16:52:37'),
	(873, 10131, 10303, '2017-12-07 16:52:37'),
	(874, 10131, 10404, '2017-12-07 16:52:37'),
	(875, 10131, 10503, '2017-12-07 16:52:37'),
	(876, 10131, 10603, '2017-12-07 16:52:37'),
	(877, 10131, 10702, '2017-12-07 16:52:37'),
	(878, 10132, 10103, '2017-12-07 16:52:37'),
	(879, 10132, 10202, '2017-12-07 16:52:37'),
	(880, 10132, 10303, '2017-12-07 16:52:37'),
	(881, 10132, 10404, '2017-12-07 16:52:37'),
	(882, 10132, 10503, '2017-12-07 16:52:37'),
	(883, 10132, 10601, '2017-12-07 16:52:37'),
	(884, 10132, 10702, '2017-12-07 16:52:37'),
	(885, 10133, 10203, '2017-12-07 16:52:37'),
	(886, 10133, 10302, '2017-12-07 16:52:37'),
	(887, 10133, 10405, '2017-12-07 16:52:37'),
	(888, 10133, 10501, '2017-12-07 16:52:37'),
	(889, 10133, 10603, '2017-12-07 16:52:37'),
	(890, 10133, 10702, '2017-12-07 16:52:37'),
	(891, 10134, 10202, '2017-12-07 16:52:37'),
	(892, 10134, 10302, '2017-12-07 16:52:37'),
	(893, 10134, 10405, '2017-12-07 16:52:37'),
	(894, 10134, 10503, '2017-12-07 16:52:37'),
	(895, 10134, 10604, '2017-12-07 16:52:37'),
	(896, 10134, 10805, '2017-12-07 16:52:37'),
	(897, 10135, 10201, '2017-12-07 16:52:37'),
	(898, 10135, 10303, '2017-12-07 16:52:37'),
	(899, 10135, 10404, '2017-12-07 16:52:37'),
	(900, 10135, 10503, '2017-12-07 16:52:37'),
	(901, 10135, 10607, '2017-12-07 16:52:37'),
	(902, 10135, 10806, '2017-12-07 16:52:37'),
	(903, 10135, 10601, '2017-12-07 16:52:37'),
	(904, 10136, 10104, '2017-12-07 16:52:37'),
	(905, 10136, 10202, '2017-12-07 16:52:37'),
	(906, 10136, 10303, '2017-12-07 16:52:37'),
	(907, 10136, 10408, '2017-12-07 16:52:37'),
	(908, 10136, 10502, '2017-12-07 16:52:37'),
	(909, 10136, 10602, '2017-12-07 16:52:37'),
	(910, 10136, 10702, '2017-12-07 16:52:37'),
	(911, 10137, 10104, '2017-12-07 16:52:37'),
	(912, 10137, 10201, '2017-12-07 16:52:37'),
	(913, 10137, 10303, '2017-12-07 16:52:37'),
	(914, 10137, 10408, '2017-12-07 16:52:37'),
	(915, 10137, 10503, '2017-12-07 16:52:37'),
	(916, 10137, 10601, '2017-12-07 16:52:37'),
	(917, 10137, 10702, '2017-12-07 16:52:37'),
	(918, 10137, 10604, '2017-12-07 16:52:37'),
	(919, 10138, 10103, '2017-12-07 16:52:37'),
	(920, 10138, 10201, '2017-12-07 16:52:37'),
	(921, 10138, 10302, '2017-12-07 16:52:37'),
	(922, 10138, 10408, '2017-12-07 16:52:37'),
	(923, 10138, 10503, '2017-12-07 16:52:37'),
	(924, 10138, 10601, '2017-12-07 16:52:37'),
	(925, 10138, 10702, '2017-12-07 16:52:37'),
	(926, 10138, 10604, '2017-12-07 16:52:37'),
	(927, 10139, 10202, '2017-12-07 16:52:37'),
	(928, 10139, 10302, '2017-12-07 16:52:37'),
	(929, 10139, 10407, '2017-12-07 16:52:37'),
	(930, 10139, 10501, '2017-12-07 16:52:37'),
	(931, 10139, 10604, '2017-12-07 16:52:37'),
	(932, 10139, 10703, '2017-12-07 16:52:37'),
	(933, 10140, 10202, '2017-12-07 16:52:37'),
	(934, 10140, 10302, '2017-12-07 16:52:37'),
	(935, 10140, 10408, '2017-12-07 16:52:37'),
	(936, 10140, 10501, '2017-12-07 16:52:37'),
	(937, 10140, 10603, '2017-12-07 16:52:37'),
	(938, 10140, 10702, '2017-12-07 16:52:37'),
	(939, 10140, 10605, '2017-12-07 16:52:37'),
	(940, 10141, 10203, '2017-12-07 16:52:37'),
	(941, 10141, 10302, '2017-12-07 16:52:37'),
	(942, 10141, 10408, '2017-12-07 16:52:37'),
	(943, 10141, 10502, '2017-12-07 16:52:37'),
	(944, 10141, 10601, '2017-12-07 16:52:37'),
	(945, 10141, 10703, '2017-12-07 16:52:37'),
	(946, 10141, 10605, '2017-12-07 16:52:37'),
	(947, 10142, 10202, '2017-12-07 16:52:37'),
	(948, 10142, 10303, '2017-12-07 16:52:37'),
	(949, 10142, 10408, '2017-12-07 16:52:37'),
	(950, 10142, 10501, '2017-12-07 16:52:37'),
	(951, 10142, 10601, '2017-12-07 16:52:37'),
	(952, 10142, 10704, '2017-12-07 16:52:37'),
	(953, 10142, 10607, '2017-12-07 16:52:37'),
	(954, 10142, 10604, '2017-12-07 16:52:37'),
	(955, 10143, 10202, '2017-12-07 16:52:37'),
	(956, 10143, 10302, '2017-12-07 16:52:37'),
	(957, 10143, 10402, '2017-12-07 16:52:37'),
	(958, 10143, 10501, '2017-12-07 16:52:37'),
	(959, 10143, 10601, '2017-12-07 16:52:37'),
	(960, 10143, 10801, '2017-12-07 16:52:37'),
	(961, 10143, 10604, '2017-12-07 16:52:37'),
	(962, 10144, 10103, '2017-12-07 16:52:37'),
	(963, 10144, 10202, '2017-12-07 16:52:37'),
	(964, 10144, 10303, '2017-12-07 16:52:37'),
	(965, 10144, 10405, '2017-12-07 16:52:37'),
	(966, 10144, 10503, '2017-12-07 16:52:37'),
	(967, 10144, 10605, '2017-12-07 16:52:37'),
	(968, 10144, 10702, '2017-12-07 16:52:37'),
	(969, 10145, 10202, '2017-12-07 16:52:37'),
	(970, 10145, 10302, '2017-12-07 16:52:37'),
	(971, 10145, 10408, '2017-12-07 16:52:37'),
	(972, 10145, 10503, '2017-12-07 16:52:37'),
	(973, 10145, 10603, '2017-12-07 16:52:37'),
	(974, 10145, 10702, '2017-12-07 16:52:37'),
	(975, 10145, 10605, '2017-12-07 16:52:37'),
	(976, 10146, 10203, '2017-12-07 16:52:37'),
	(977, 10146, 10303, '2017-12-07 16:52:37'),
	(978, 10146, 10405, '2017-12-07 16:52:37'),
	(979, 10146, 10503, '2017-12-07 16:52:37'),
	(980, 10146, 10601, '2017-12-07 16:52:37'),
	(981, 10146, 10703, '2017-12-07 16:52:37'),
	(982, 10146, 10604, '2017-12-07 16:52:37'),
	(983, 10147, 10103, '2017-12-07 16:52:37'),
	(984, 10147, 10203, '2017-12-07 16:52:37'),
	(985, 10147, 10302, '2017-12-07 16:52:37'),
	(986, 10147, 10408, '2017-12-07 16:52:37'),
	(987, 10147, 10503, '2017-12-07 16:52:37'),
	(988, 10147, 10603, '2017-12-07 16:52:37'),
	(989, 10147, 10703, '2017-12-07 16:52:37'),
	(990, 10147, 10605, '2017-12-07 16:52:37'),
	(991, 10148, 10202, '2017-12-07 16:52:37'),
	(992, 10148, 10303, '2017-12-07 16:52:37'),
	(993, 10148, 10408, '2017-12-07 16:52:37'),
	(994, 10148, 10501, '2017-12-07 16:52:37'),
	(995, 10148, 10603, '2017-12-07 16:52:37'),
	(996, 10148, 10704, '2017-12-07 16:52:37'),
	(997, 10148, 10605, '2017-12-07 16:52:37'),
	(998, 10149, 10104, '2017-12-07 16:52:37'),
	(999, 10149, 10202, '2017-12-07 16:52:37'),
	(1000, 10149, 10303, '2017-12-07 16:52:37'),
	(1001, 10149, 10408, '2017-12-07 16:52:37'),
	(1002, 10149, 10503, '2017-12-07 16:52:37'),
	(1003, 10149, 10601, '2017-12-07 16:52:37'),
	(1004, 10149, 10702, '2017-12-07 16:52:37'),
	(1005, 10150, 10203, '2017-12-07 16:52:37'),
	(1006, 10150, 10303, '2017-12-07 16:52:37'),
	(1007, 10150, 10405, '2017-12-07 16:52:37'),
	(1008, 10150, 10502, '2017-12-07 16:52:37'),
	(1009, 10150, 10601, '2017-12-07 16:52:37'),
	(1010, 10150, 10704, '2017-12-07 16:52:37');
/*!40000 ALTER TABLE `mm_cloth_tag` ENABLE KEYS */;

-- 导出  表 mm_managment_console.mm_tag 结构
CREATE TABLE IF NOT EXISTS `mm_tag` (
  `id` int(11) NOT NULL AUTO_INCREMENT,
  `code` varchar(50) NOT NULL,
  `name` varchar(200) NOT NULL,
  `description` varchar(200) DEFAULT NULL,
  `createAt` datetime NOT NULL DEFAULT CURRENT_TIMESTAMP,
  `updateAt` datetime NOT NULL DEFAULT CURRENT_TIMESTAMP ON UPDATE CURRENT_TIMESTAMP,
  PRIMARY KEY (`id`)
) ENGINE=InnoDB AUTO_INCREMENT=10809 DEFAULT CHARSET=utf8 COMMENT='衣服特征tag表';

-- 正在导出表  mm_managment_console.mm_tag 的数据：~40 rows (大约)
/*!40000 ALTER TABLE `mm_tag` DISABLE KEYS */;
INSERT INTO `mm_tag` (`id`, `code`, `name`, `description`, `createAt`, `updateAt`) VALUES
	(10101, 'COLLAR_1', 'V领', '领型-V领', '2017-12-04 17:47:45', '2017-12-04 17:47:45'),
	(10102, 'COLLAR_2', '一字领', '领型-一字领', '2017-12-04 17:47:45', '2017-12-04 17:47:45'),
	(10103, 'COLLAR_3', '高领', '领型-高领', '2017-12-04 17:47:45', '2017-12-04 17:47:45'),
	(10104, 'COLLAR_4', '圆领', '领型-圆领', '2017-12-04 17:47:45', '2017-12-04 17:47:45'),
	(10201, 'LOOSENESS_1', '修身', '宽松度-修身', '2017-12-04 17:47:46', '2017-12-04 19:48:31'),
	(10202, 'LOOSENESS_2', '常规', '宽松度-常规', '2017-12-04 17:47:46', '2017-12-04 19:48:45'),
	(10203, 'LOOSENESS_3', '宽松', '宽松度-宽松', '2017-12-04 17:47:46', '2017-12-04 19:14:34'),
	(10301, 'THICKNESS_1', '薄', '厚薄度-薄', '2017-12-04 17:47:46', '2017-12-04 17:47:46'),
	(10302, 'THICKNESS_2', '中', '厚薄度-中', '2017-12-04 17:47:46', '2017-12-04 17:47:46'),
	(10303, 'THICKNESS_3', '厚', '厚薄度-厚', '2017-12-04 17:47:46', '2017-12-04 17:47:46'),
	(10401, 'PATTERN_STRIPE_1', '横条纹', '图案-横条纹', '2017-12-04 17:47:46', '2017-12-04 17:47:46'),
	(10402, 'PATTERN_STRIPE_2', '竖条纹', '图案-竖条纹', '2017-12-04 17:47:46', '2017-12-04 17:47:46'),
	(10403, 'PATTERN_PLAID_1', '大格子', '图案-大格子', '2017-12-04 17:47:46', '2017-12-07 13:28:18'),
	(10404, 'PATTERN_FLORAL_1', '花纹', '图案-花纹', '2017-12-04 17:47:46', '2017-12-04 17:47:46'),
	(10405, 'PATTERN_GEO_1', '几何', '图案-几何', '2017-12-04 17:47:46', '2017-12-07 13:27:41'),
	(10406, 'PATTERN_OTHER', '其他', '图案-其他', '2017-12-04 17:47:46', '2017-12-04 17:47:46'),
	(10407, 'PATTERN_PLAID_2', '小格子', '图案-小格子', '2017-12-07 13:22:09', '2017-12-07 13:28:39'),
	(10408, 'PATTERN_PURE', '纯色', '图案-纯色', '2017-12-07 13:22:53', '2017-12-07 13:22:53'),
	(10501, 'COLOR_TEMP_1', '冷色', '颜色-色温-冷色', '2017-12-04 17:47:47', '2017-12-04 17:47:47'),
	(10502, 'COLOR_TEMP_2', '暖色', '颜色-色温-暖色', '2017-12-04 17:47:47', '2017-12-04 17:47:47'),
	(10503, 'COLOR_TEMP_3', '中性色', '颜色-色温-中性', '2017-12-04 17:47:47', '2017-12-04 17:47:47'),
	(10601, 'STYLE_1', '简约', '风格-简约', '2017-12-04 17:47:47', '2017-12-04 17:47:47'),
	(10602, 'STYLE_2', '甜美', '风格-甜美', '2017-12-04 17:47:47', '2017-12-04 17:47:47'),
	(10603, 'STYLE_3', '街头', '风格-街头', '2017-12-04 17:47:47', '2017-12-04 17:47:47'),
	(10604, 'STYLE_4', '通勤', '风格-通勤', '2017-12-04 17:47:47', '2017-12-04 17:47:47'),
	(10605, 'STYLE_5', '白搭', '风格-白搭', '2017-12-04 17:47:47', '2017-12-04 17:47:47'),
	(10606, 'STYLE_6', '复古', '风格-复古', '2017-12-04 17:47:47', '2017-12-04 17:47:47'),
	(10607, 'STYLE_7', '优雅', '风格-优雅', '2017-12-04 17:47:47', '2017-12-04 17:47:47'),
	(10701, 'UP_CLOTH_TYPE_1', '短款', '上装-短款', '2017-12-04 17:47:47', '2017-12-04 17:47:47'),
	(10702, 'UP_CLOTH_TYPE_2', '常规', '上装-常规', '2017-12-04 17:47:47', '2017-12-04 17:47:47'),
	(10703, 'UP_CLOTH_TYPE_3', '中长款', '上装-中长款', '2017-12-04 17:47:47', '2017-12-04 17:47:47'),
	(10704, 'UP_CLOTH_TYPE_4', '长款', '上装-长款', '2017-12-04 17:47:47', '2017-12-04 17:47:47'),
	(10801, 'DOWN_CLOTH_TYPE_1', '铅笔裤', '下装-铅笔裤', '2017-12-04 17:47:47', '2017-12-04 17:47:47'),
	(10802, 'DOWN_CLOTH_TYPE_2', '阔腿裤', '下装-阔腿裤', '2017-12-04 17:47:47', '2017-12-04 17:47:47'),
	(10803, 'DOWN_CLOTH_TYPE_3', '直筒裤', '下装-直筒裤', '2017-12-04 17:47:47', '2017-12-04 17:47:47'),
	(10804, 'DOWN_CLOTH_TYPE_4', '微喇裤', '下装-短款', '2017-12-04 17:47:47', '2017-12-04 17:47:47'),
	(10805, 'DOWN_CLOTH_TYPE_5', '短裙', '下装-短裙', '2017-12-04 17:47:47', '2017-12-04 17:47:47'),
	(10806, 'DOWN_CLOTH_TYPE_6', '中裙', '下装-中裙', '2017-12-04 17:47:47', '2017-12-04 17:47:47'),
	(10807, 'DOWN_CLOTH_TYPE_7', '中长裙', '下装-中长裙', '2017-12-04 17:47:47', '2017-12-04 17:47:47'),
	(10808, 'DOWN_CLOTH_TYPE_8', '长裙', '下装-长裙', '2017-12-04 17:47:47', '2017-12-04 17:47:47');
/*!40000 ALTER TABLE `mm_tag` ENABLE KEYS */;

-- 导出  表 mm_managment_console.mm_type 结构
CREATE TABLE IF NOT EXISTS `mm_type` (
  `id` int(11) NOT NULL AUTO_INCREMENT,
  `code` varchar(50) NOT NULL,
  `name` varchar(200) NOT NULL,
  `description` varchar(200) DEFAULT NULL,
  `createAt` datetime NOT NULL DEFAULT CURRENT_TIMESTAMP,
  `updateAt` datetime NOT NULL DEFAULT CURRENT_TIMESTAMP ON UPDATE CURRENT_TIMESTAMP,
  PRIMARY KEY (`id`)
) ENGINE=InnoDB AUTO_INCREMENT=4 DEFAULT CHARSET=utf8 COMMENT='衣服类型表';

-- 正在导出表  mm_managment_console.mm_type 的数据：~2 rows (大约)
/*!40000 ALTER TABLE `mm_type` DISABLE KEYS */;
INSERT INTO `mm_type` (`id`, `code`, `name`, `description`, `createAt`, `updateAt`) VALUES
	(1, 'type1', '上装', '衣服类型-上装', '2017-11-20 19:45:31', '2017-12-05 17:02:20'),
	(2, 'type2', '下装', '衣服类型-下装', '2017-11-20 19:45:47', '2017-12-05 17:03:04');
/*!40000 ALTER TABLE `mm_type` ENABLE KEYS */;

-- 导出  表 mm_managment_console.resource 结构
CREATE TABLE IF NOT EXISTS `resource` (
  `id` varchar(50) NOT NULL COMMENT '编码',
  `title` varchar(30) CHARACTER SET utf8 COLLATE utf8_bin NOT NULL COMMENT '标题',
  `disabled` smallint(6) NOT NULL DEFAULT '0',
  `url` varchar(100) CHARACTER SET utf8 COLLATE utf8_bin DEFAULT NULL COMMENT '地址',
  `description` varchar(80) CHARACTER SET utf8 COLLATE utf8_bin DEFAULT NULL COMMENT '描述',
  PRIMARY KEY (`id`)
) ENGINE=MyISAM DEFAULT CHARSET=utf8 COMMENT='权限表';

-- 正在导出表  mm_managment_console.resource 的数据：11 rows
/*!40000 ALTER TABLE `resource` DISABLE KEYS */;
INSERT INTO `resource` (`id`, `title`, `disabled`, `url`, `description`) VALUES
	('admin', 'user', 0, '/user', 'user_manage'),
	('921cf2e9-8fd9-41c2-9f00-c0086dbca504', 'role', 0, '/role', '角色资源'),
	('cabea7de-8ade-4dba-9757-df375a2eea9c', 'menu', 0, '/menu', '菜单资源'),
	('b452b2bd-6287-4dcd-a0b2-1605c591f034', 'vendor', 0, '/vendor', '商家权限'),
	('90884859-bc1a-420b-bbaf-bfe810789a7e', 'user_profile', 0, '/user/profile', '用户自己的profile'),
	('79804665-037d-4571-8447-84e9d0cfcacc', 'resource', 0, '/resource', '资源资源'),
	('1f1918d2-4779-4e77-b6d9-3797fa82fc12', 'admin', 0, '/admin', '系统监控资源'),
	('92555508-b00f-49ea-ae41-874b0a04192f', 'log', 0, '/syslog', '日志资源'),
	('d0eaa49c-1017-4eef-b46f-2e155c0bdaa9', 'clothes', 0, '/cloth', '衣服管理资源'),
	('c5c3ffe1-74a9-43cc-9706-8781c8488615', 'p_tag', 0, '/tag', '标签访问权限'),
	('5af3dc8c-4433-40cd-b8b8-1a6a970868ab', 'cloth_type', 0, '/type', '衣服类型管理资源');
/*!40000 ALTER TABLE `resource` ENABLE KEYS */;

-- 导出  表 mm_managment_console.role 结构
CREATE TABLE IF NOT EXISTS `role` (
  `id` varchar(50) NOT NULL,
  `name` varchar(30) NOT NULL COMMENT '角色',
  `disabled` smallint(6) NOT NULL DEFAULT '0',
  `description` varchar(60) DEFAULT NULL COMMENT '描述',
  PRIMARY KEY (`id`),
  UNIQUE KEY `rolename` (`name`)
) ENGINE=InnoDB DEFAULT CHARSET=utf8 COMMENT='角色表';

-- 正在导出表  mm_managment_console.role 的数据：~3 rows (大约)
/*!40000 ALTER TABLE `role` DISABLE KEYS */;
INSERT INTO `role` (`id`, `name`, `disabled`, `description`) VALUES
	('0d43e7db-2848-4546-9ce7-51c7c6bd3a7a', 'vendor', 0, '商家'),
	('1', 'root', 0, '超级管理员'),
	('99c59b16-513b-4267-9d44-e421ea044fd2', 'admin', 0, '衣服管理员');
/*!40000 ALTER TABLE `role` ENABLE KEYS */;

-- 导出  表 mm_managment_console.role_menu 结构
CREATE TABLE IF NOT EXISTS `role_menu` (
  `role_id` varchar(50) DEFAULT NULL,
  `menu_id` varchar(50) DEFAULT NULL,
  KEY `role_id_rm` (`role_id`),
  KEY `menu_code_rm` (`menu_id`)
) ENGINE=InnoDB DEFAULT CHARSET=utf8;

-- 正在导出表  mm_managment_console.role_menu 的数据：~13 rows (大约)
/*!40000 ALTER TABLE `role_menu` DISABLE KEYS */;
INSERT INTO `role_menu` (`role_id`, `menu_id`) VALUES
	('1', 'menu'),
	('1', 'resource'),
	('1', 'role'),
	('1', 'syslog'),
	('1', 'system'),
	('1', 'user'),
	('0d43e7db-2848-4546-9ce7-51c7c6bd3a7a', 'clothes'),
	('0d43e7db-2848-4546-9ce7-51c7c6bd3a7a', 'vendor'),
	('99c59b16-513b-4267-9d44-e421ea044fd2', 'clothes'),
	('99c59b16-513b-4267-9d44-e421ea044fd2', 'menu_tag'),
	('99c59b16-513b-4267-9d44-e421ea044fd2', 'menu_type'),
	('99c59b16-513b-4267-9d44-e421ea044fd2', 'system'),
	('99c59b16-513b-4267-9d44-e421ea044fd2', 'vendor');
/*!40000 ALTER TABLE `role_menu` ENABLE KEYS */;

-- 导出  表 mm_managment_console.role_resource 结构
CREATE TABLE IF NOT EXISTS `role_resource` (
  `role_id` varchar(50) DEFAULT NULL,
  `resource_id` varchar(50) DEFAULT NULL,
  KEY `roleid_rr` (`role_id`),
  KEY `resource_rr` (`resource_id`)
) ENGINE=InnoDB DEFAULT CHARSET=utf8;

-- 正在导出表  mm_managment_console.role_resource 的数据：~5 rows (大约)
/*!40000 ALTER TABLE `role_resource` DISABLE KEYS */;
INSERT INTO `role_resource` (`role_id`, `resource_id`) VALUES
	('99c59b16-513b-4267-9d44-e421ea044fd2', 'd0eaa49c-1017-4eef-b46f-2e155c0bdaa9'),
	('99c59b16-513b-4267-9d44-e421ea044fd2', 'c5c3ffe1-74a9-43cc-9706-8781c8488615'),
	('99c59b16-513b-4267-9d44-e421ea044fd2', '5af3dc8c-4433-40cd-b8b8-1a6a970868ab'),
	('0d43e7db-2848-4546-9ce7-51c7c6bd3a7a', '90884859-bc1a-420b-bbaf-bfe810789a7e'),
	('0d43e7db-2848-4546-9ce7-51c7c6bd3a7a', 'd0eaa49c-1017-4eef-b46f-2e155c0bdaa9');
/*!40000 ALTER TABLE `role_resource` ENABLE KEYS */;

-- 导出  表 mm_managment_console.syslog 结构
CREATE TABLE IF NOT EXISTS `syslog` (
  `uid` varchar(50) DEFAULT NULL COMMENT '用户ID',
  `content` varchar(600) NOT NULL DEFAULT '' COMMENT '日志内容',
  `operation` varchar(250) DEFAULT NULL COMMENT '用户操作',
  `createTime` datetime NOT NULL COMMENT '创建时间',
  `user` varchar(50) DEFAULT NULL COMMENT '用户'
) ENGINE=MyISAM DEFAULT CHARSET=utf8 COMMENT='操作日志表';

-- 正在导出表  mm_managment_console.syslog 的数据：0 rows
/*!40000 ALTER TABLE `syslog` DISABLE KEYS */;
/*!40000 ALTER TABLE `syslog` ENABLE KEYS */;

-- 导出  表 mm_managment_console.user 结构
CREATE TABLE IF NOT EXISTS `user` (
  `id` varchar(50) NOT NULL COMMENT '主键ID',
  `username` varchar(20) NOT NULL COMMENT '登录名称',
  `password` varchar(32) NOT NULL COMMENT '密码',
  `email` varchar(60) DEFAULT NULL COMMENT '邮箱',
  `salt` varchar(50) DEFAULT '0' COMMENT '密码的盐',
  `disabled` smallint(6) NOT NULL DEFAULT '1' COMMENT '0、禁用 1、正常',
  `createTime` datetime DEFAULT NULL COMMENT '创建时间',
  `lastTime` datetime DEFAULT NULL COMMENT '最后登录时间',
  PRIMARY KEY (`id`),
  UNIQUE KEY `loginname` (`username`) USING BTREE
) ENGINE=InnoDB DEFAULT CHARSET=utf8 COMMENT='用户表';

-- 正在导出表  mm_managment_console.user 的数据：~4 rows (大约)
/*!40000 ALTER TABLE `user` DISABLE KEYS */;
INSERT INTO `user` (`id`, `username`, `password`, `email`, `salt`, `disabled`, `createTime`, `lastTime`) VALUES
	('003260fe-2d30-4201-b028-a99cd1032119', 'admin', 'a2863d2575d61d2dcad789cd02100c3b', 'adm@cm.com', '-[\\\\J"Do3y', 0, '2017-11-15 21:35:45', NULL),
	('1', 'root', '2c4c4942836dbd9e1735ea7ecbc9833f', 'cm@mm.com', 'r', 0, '2016-09-27 19:53:20', '2016-09-27 19:53:22'),
	('19c55cad-a646-4633-a52b-b0e15e9ae93a', 'qingao', '1c61de6ecdbd10b4f230b1f26260b152', 'qingao@cmcm.com', '+r&vY0bBaG', 0, '2017-11-10 12:15:28', NULL),
	('2d1731a2-9e98-446b-8a7c-aecfee0f8b5a', 'nike', '08e56fc2d87bdaf3711c263837f12a3d', 'nike@nike.com', 'dC7n_iraa&', 0, '2017-11-10 10:32:13', NULL);
/*!40000 ALTER TABLE `user` ENABLE KEYS */;

-- 导出  表 mm_managment_console.user_role 结构
CREATE TABLE IF NOT EXISTS `user_role` (
  `uid` varchar(50) NOT NULL,
  `role_id` varchar(50) NOT NULL,
  KEY `uid` (`uid`),
  KEY `role_id` (`role_id`)
) ENGINE=InnoDB DEFAULT CHARSET=utf8;

-- 正在导出表  mm_managment_console.user_role 的数据：~4 rows (大约)
/*!40000 ALTER TABLE `user_role` DISABLE KEYS */;
INSERT INTO `user_role` (`uid`, `role_id`) VALUES
	('1', '1'),
	('2d1731a2-9e98-446b-8a7c-aecfee0f8b5a', '0d43e7db-2848-4546-9ce7-51c7c6bd3a7a'),
	('19c55cad-a646-4633-a52b-b0e15e9ae93a', '0d43e7db-2848-4546-9ce7-51c7c6bd3a7a'),
	('003260fe-2d30-4201-b028-a99cd1032119', '99c59b16-513b-4267-9d44-e421ea044fd2');
/*!40000 ALTER TABLE `user_role` ENABLE KEYS */;

/*!40101 SET SQL_MODE=IFNULL(@OLD_SQL_MODE, '') */;
/*!40014 SET FOREIGN_KEY_CHECKS=IF(@OLD_FOREIGN_KEY_CHECKS IS NULL, 1, @OLD_FOREIGN_KEY_CHECKS) */;
/*!40101 SET CHARACTER_SET_CLIENT=@OLD_CHARACTER_SET_CLIENT */;
